1960,1961,1962,1963,1964,1965,1966,1967,1968,1969,1970,1971,1972,1973,1974,1975,1976,1977,1978,1979,1980,1981,1982,1983,1984,1985,1986,1987,1988,1989,1990,1991,1992,1993,1994,1995,1996,1997,1998,1999,2000,2001,2002,2003,2004,2005,2006,2007,2008,2009,2010,2011,2012,2013,2014,2015,2016,2017,2018,2019,2020,Country Name,Country Code,Indicator Name,Indicator Code,data_country,data_year
,,,,,,,,,,,,,,,,,,,,,,,,,,,,,,100,99.15365601,99.1971283,99.23991394,100,100,100,100,100,100,91.660398,100,100,100,100,100,100,100,100,100,93.35629215,100,100,100,100,100,100,100,100,100,,Aruba,ABW,Access to electricity (% of population),EG.ELC.ACCS.ZS,,
,,,,,,,,,,,,,,,,,,,,,,,,,,,,,,,,,,,,,,,,20.08600661,23.10317848,24.22343015,25.02318413,26.17633577,23.62149844,27.29943305,28.73795234,28.8137354,27.48306125,28.23337289,28.38183599,32.22402744,32.0464781,31.3235788,33.31216313,38.38043319,39.75420135,42.16824107,43.64066111,,Africa Eastern and Southern,AFE,Access to electricity (% of population),EG.ELC.ACCS.ZS,,
,,,,,,,,,,,,,,,,,,,,,,,,,,,,,,,,,,,,,,,,,,,,,22.29526901,28.09996223,33.9016037,42.4,45.52068329,42.7,43.22201891,69.1,68.98294067,89.5,71.5,97.7,97.7,98.71562195,97.7,,Afghanistan,AFG,Access to electricity (% of population),EG.ELC.ACCS.ZS,,
,,,,,,,,,,,,,,,,,,,,,,,,,,,,,,,,,31.69309718,32.71473773,33.70368431,32.74815806,32.55254036,33.54269046,34.89947747,34.65801135,35.6643106,36.40355023,40.6739752,37.7579127,38.00790869,39.86070626,40.74423219,41.68669872,41.86571258,41.73088116,45.90129863,44.13035389,47.01816265,47.74549899,46.75227908,50.94893858,48.84820476,51.25325261,51.34142147,,Africa Western and Central,AFW,Access to electricity (% of population),EG.ELC.ACCS.ZS,,
,,,,,,,,,,,,,,,,,,,,,,,,,,,,,,,,,,,,,,,,,20,26.38386917,27.4656353,28.53676033,29.59622383,30.64655495,37.5,38.49,33.80418396,34.87972641,34.6,37.10102463,38.24899292,32,42,41.79737854,43.0016098,45.29,45.67031479,,Angola,AGO,Access to electricity (% of population),EG.ELC.ACCS.ZS,,
,,,,,,,,,,,,,,,,,,,,,,,,,,,,,,100,100,100,100,100,100,100,100,100,100,100,100,100,100,100,100,100,100,100,100,100,100,99.9,100,99.95,99.98,99.89,99.89,100,100,,Albania,ALB,Access to electricity (% of population),EG.ELC.ACCS.ZS,,
,,,,,,,,,,,,,,,,,,,,,,,,,,,,,,100,100,100,100,100,100,100,100,100,100,100,100,100,100,100,100,100,100,100,100,100,100,100,100,100,100,100,100,100,100,,Andorra,AND,Access to electricity (% of population),EG.ELC.ACCS.ZS,,
,,,,,,,,,,,,,,,,,,,,,,,,,,,,,,,,,,,,76.61107378,77.25362114,78.11157597,78.69106128,78.87247574,79.55913883,77.51197685,78.75741687,79.09690383,79.9916919,84.2563358,82.29067275,84.65056557,84.09216888,86.06507159,86.33862811,86.09902247,88.1011389,87.20162878,87.93547895,88.50426125,89.62342671,88.30632443,89.51228232,,Arab World,ARB,Access to electricity (% of population),EG.ELC.ACCS.ZS,,
,,,,,,,,,,,,,,,,,,,,,,,,,,,,,,100,100,100,100,100,100,100,100,100,100,100,100,100,100,100,100,100,100,100,100,100,100,100,100,100,100,100,100,100,100,,United Arab Emirates,ARE,Access to electricity (% of population),EG.ELC.ACCS.ZS,,
,,,,,,,,,,,,,,,,,,,,,,,,,,,,,,92.15480042,92.4921875,92.82945251,93.16604614,93.50127411,93.83446503,94.16493988,94.49201202,94.81500244,95.13315582,95.44536591,95.51106347,96.04728699,96.33463287,96.61134338,96.87638855,97.13230133,97.38516998,97.64122009,97.90668488,98.82,99.0802002,99.22885895,99.35622406,100,99.81168365,99.95601654,100,100,100,,Argentina,ARG,Access to electricity (% of population),EG.ELC.ACCS.ZS,,
,,,,,,,,,,,,,,,,,,,,,,,,,,,,,,,,,,,,,,,,98.9,100,98,99.22579956,99.24093628,99.8,99.23873901,99.23002625,99.22450256,99.22839355,99.8,99.60435486,99.61703491,99.42,99.71,100,99.8,99.7,99.9,100,,Armenia,ARM,Access to electricity (% of population),EG.ELC.ACCS.ZS,,
,,,,,,,,,,,,,,,,,,,,,,,,,,,,,,,,,,,,,,,,,,,,,,,,,,,,,,,,,,,,,American Samoa,ASM,Access to electricity (% of population),EG.ELC.ACCS.ZS,,
,,,,,,,,,,,,,,,,,,,,,,,,,,,,,,95.76304626,95.94065094,96.11813354,96.29494476,96.47039032,96.64379883,96.81448364,96.98177338,97.14498138,97.30335236,97.45578003,97.60110474,100,97.86569977,97.98262787,92.2,100,100,100,98.47905731,98.60040283,94.55201403,100,100,100,100,100,100,99.99972534,100,,Antigua and Barbuda,ATG,Access to electricity (% of population),EG.ELC.ACCS.ZS,,
,,,,,,,,,,,,,,,,,,,,,,,,,,,,,,100,100,100,100,100,100,100,100,100,100,100,100,100,100,100,100,100,100,100,100,100,100,100,100,100,100,100,100,100,100,,Australia,AUS,Access to electricity (% of population),EG.ELC.ACCS.ZS,,
,,,,,,,,,,,,,,,,,,,,,,,,,,,,,,100,100,100,100,100,100,100,100,100,100,100,100,100,100,100,100,100,100,100,100,100,100,100,100,100,100,100,100,100,100,,Austria,AUT,Access to electricity (% of population),EG.ELC.ACCS.ZS,,
,,,,,,,,,,,,,,,,,,,,,,,,,,,,,,,,,,,,,,,97,98.90822245,98.62342072,100,98.97785187,99.13969421,99.28987885,99.5,99.56891632,99.7101059,99.86070251,99.94705963,99.9,100,100,100,100,100,100,100,100,,Azerbaijan,AZE,Access to electricity (% of population),EG.ELC.ACCS.ZS,,
,,,,,,,,,,,,,,,,,,,,,,,,,,,,,,,,,,,,,,3.9,2.070949316,2.439689159,2.801317215,3.154657125,3.498532534,3.831767321,3.207317073,2.66,4.775167942,4.8,5.40973711,5.3,6.106936455,6.5,6.9,7,8.403089523,9.251799583,9.3,10.59861469,11.0647974,,Burundi,BDI,Access to electricity (% of population),EG.ELC.ACCS.ZS,,
,,,,,,,,,,,,,,,,,,,,,,,,,,,,,,100,100,100,100,100,100,100,100,100,100,100,100,100,100,100,100,100,100,100,100,100,100,100,100,100,100,100,100,100,100,,Belgium,BEL,Access to electricity (% of population),EG.ELC.ACCS.ZS,,
,,,,,,,,,,,,,,,,,,,,,,,,,,,,,,,,,,,,14.5,18.58962631,19.5782547,20.56204224,21.5398941,21.9,23.4730835,24.42607117,25.36841774,26.29910088,27.9,28.13915253,29.0608387,29.99194527,34.2,36.9,38.4,34.65625,34.1,29.62,37.08368683,34.5,39.23860168,40.31874084,,Benin,BEN,Access to electricity (% of population),EG.ELC.ACCS.ZS,,
,,,,,,,,,,,,,,,,,,,,,,,,,,,,,,,,,6.1,6.125010014,6.625332832,7.122936249,7.617139816,8.107264519,6.9,9.071893692,9.544128418,10.00807476,11.4,10.90639877,11.33857822,11.76162434,12.18161964,12.60480118,12.63,13.1,14.89940453,15.16293812,15.40517426,19.2,16.07070351,16.6396122,17.21655655,14.4,18.3791523,,Burkina Faso,BFA,Access to electricity (% of population),EG.ELC.ACCS.ZS,,
,,,,,,,,,,,,,,,,,,,,,,,,,,,,,,,14.29,9.90541935,12.71788025,17.8,18.33804512,21.14438629,22.4,26.74619293,29.54021454,32,35.109272,37.88195801,40.64517975,40.6,44.23,50.52510246,46.5,54.33111954,57.07246017,55.26,59.6,65.41366577,61.5,62.4,74.44007874,75.92,88,91.8,92.2,,Bangladesh,BGD,Access to electricity (% of population),EG.ELC.ACCS.ZS,,
,,,,,,,,,,,,,,,,,,,,,,,,,,,,,,100,100,100,100,100,100,100,100,100,100,100,100,100,100,100,100,100,100,100,100,100,100,100,100,100,100,100,100,100,100,,Bulgaria,BGR,Access to electricity (% of population),EG.ELC.ACCS.ZS,,
,,,,,,,,,,,,,,,,,,,,,,,,,,,,,,99.94139862,99.96739197,99.98718262,99.99713898,99.99977112,100,100,100,100,100,100,100,100,100,100,100,100,100,100,100,100,100,100,100,100,100,100,100,100,100,,Bahrain,BHR,Access to electricity (% of population),EG.ELC.ACCS.ZS,,
,,,,,,,,,,,,,,,,,,,,,,,,,,,,,,100,100,100,100,100,100,100,100,100,100,100,100,100,100,100,100,100,100,100,100,100,100,100,100,100,100,100,100,100,100,,"Bahamas, The",BHS,Access to electricity (% of population),EG.ELC.ACCS.ZS,,
,,,,,,,,,,,,,,,,,,,,,,,,,,,,,,100,100,100,100,100,100,100,100,100,100,100,99.4,98.5,100,100,100,99.38727699,99.7,100,100,100,99.70578055,100,99.5,100,99.7,100,100,100,100,,Bosnia and Herzegovina,BIH,Access to electricity (% of population),EG.ELC.ACCS.ZS,,
,,,,,,,,,,,,,,,,,,,,,,,,,,,,,,100,100,100,100,100,100,100,100,100,100,100,100,100,100,100,100,100,100,100,100,100,100,100,100,100,100,100,100,100,100,,Belarus,BLR,Access to electricity (% of population),EG.ELC.ACCS.ZS,,
,,,,,,,,,,,,,,,,,,,,,,,,,,,,,,,67,72.22491455,73.12332916,74.02038574,74.91539764,75.80769348,76.69658661,77.58140564,78.46138,79,80.2023468,81.06098175,81.91015625,82.74869537,83.57556152,90.98853086,85.20799255,86.02586365,86.85315704,89.91722437,91.68173599,90.98912048,91.16732788,91.37887573,91.8,93.21820831,94.18984222,91.72,92.72,,Belize,BLZ,Access to electricity (% of population),EG.ELC.ACCS.ZS,,
,,,,,,,,,,,,,,,,,,,,,,,,,,,,,,100,100,100,100,100,100,100,100,100,100,100,100,100,100,100,100,100,100,100,100,100,100,100,100,100,100,100,100,100,100,,Bermuda,BMU,Access to electricity (% of population),EG.ELC.ACCS.ZS,,
,,,,,,,,,,,,,,,,,,,,,,,,,,,,,,,,60.0279007,61.38402939,64.1,64.09152985,71,67.330431,71.2,70.929888,69.963045,69.258539,63.996855,72.3,76.04425049,68.288209,76.211281,80.156567,84.674991,86.765597,88.31281281,88.335943,90.387375,89.505686,90.038729,91.522822,91.8,91.8,92.8,96.30310059,,Bolivia,BOL,Access to electricity (% of population),EG.ELC.ACCS.ZS,,
,,,,,,,,,,,,,,,,,,,,,,,,,,,,,,87.475116,90.60654449,88.803833,89.999927,91.88372803,91.728598,92.867095,93.354139,94.193812,94.76296,94.36400604,96.016528,96.652996,96.980098,96.765107,97.093513,97.594314,98.125382,98.526625,98.856938,99.35217285,99.328691,99.519494,99.575151,99.650247,99.710902,99.7,99.8,99.7,99.8,,Brazil,BRA,Access to electricity (% of population),EG.ELC.ACCS.ZS,,
,,,,,,,,,,,,,,,,,,,,,,,,,,,,,,99.98425293,99.99343872,99.99868774,100,100,100,100,100,100,100,100,100,100,100,99.99882507,99.99047852,100,100,100,100,100,100,100,100,100,100,100,100,100,100,,Barbados,BRB,Access to electricity (% of population),EG.ELC.ACCS.ZS,,
,,,,,,,,,,,,,,,,,,,,,,,,,,,,,,100,100,100,100,100,100,100,100,100,100,100,100,100,100,100,100,100,100,100,100,100,100,100,100,100,100,100,100,100,100,,Brunei Darussalam,BRN,Access to electricity (% of population),EG.ELC.ACCS.ZS,,
,,,,,,,,,,,,,,,,,,,,,,,,,,,,,,,,,,,,,,,,31.15,40.09151077,44.04301453,41.1,51.91645432,59.80811164,59.74679565,71.8,67.56508636,71.48524475,73.28291087,81.68799591,91.5,87.37114716,91.39948273,95.44389343,99.50035858,97.7,99.96877289,100,,Bhutan,BTN,Access to electricity (% of population),EG.ELC.ACCS.ZS,,
,,,,,,,,,,,,,,,,,,,,,,,,,,,,,,,10.1,9.398226738,11.64207649,13.88456631,16.12501717,18.36274719,20.59707832,22.82732964,25.0527401,27.27221298,24.8,31.68865013,33.88325882,36.06723022,38.23953629,40.40270996,42.56283188,44.5,43.36,51.78107071,53.24,55.87431335,57.89068604,59.94039536,62.13,64.29515076,67.4,68.35865784,70.18318176,,Botswana,BWA,Access to electricity (% of population),EG.ELC.ACCS.ZS,,
,,,,,,,,,,,,,,,,,,,,,,,,,,,,,,,,,,,3,3.334915638,3.830210209,4.321425438,4.807798386,6,5.761561871,6.226599216,6.682172775,7.127105236,7.560374737,7.805169325,8.40559864,7.48,9.263563156,9.8,10.3107233,10.89428234,11.45654297,12.05214119,12.74572849,13.49867058,14.16905403,14.6539526,14.3,,Central African Republic,CAF,Access to electricity (% of population),EG.ELC.ACCS.ZS,,
,,,,,,,,,,,,,,,,,,,,,,,,,,,,,,100,100,100,100,100,100,100,100,100,100,100,100,100,100,100,100,100,100,100,100,100,100,100,100,100,100,100,100,100,100,,Canada,CAN,Access to electricity (% of population),EG.ELC.ACCS.ZS,,
,,,,,,,,,,,,,,,,,,,,,,,,,,,,,,100,100,100,100,100,100,100,100,100,100,100,100,100,100,100,100,100,100,100,100,100,100,100,100,100,100,99.8278347,100,100,100,,Central Europe and the Baltics,CEB,Access to electricity (% of population),EG.ELC.ACCS.ZS,,
,,,,,,,,,,,,,,,,,,,,,,,,,,,,,,100,100,100,100,100,100,100,100,100,100,100,100,100,100,100,100,100,100,100,100,100,100,100,100,100,100,100,100,100,100,,Switzerland,CHE,Access to electricity (% of population),EG.ELC.ACCS.ZS,,
,,,,,,,,,,,,,,,,,,,,,,,,,,,,,,100,100,100,100,100,100,100,100,100,100,100,100,100,100,100,100,100,100,100,100,100,100,100,100,100,100,100,100,100,100,,Channel Islands,CHI,Access to electricity (% of population),EG.ELC.ACCS.ZS,,
,,,,,,,,,,,,,,,,,,,,,,,,,,,,,,92.257427,94.78162384,94.560057,95.27372742,95.51807404,95.76038361,95.617315,96.23616791,97.241124,96.69554901,97.938687,97.13110352,97.33703613,98.782325,97.71933746,97.89350891,99.368108,98.22052002,98.38568878,99.593662,99.64228821,99.588193,100,99.6,100,99.714844,100,99.7,100,100,,Chile,CHL,Access to electricity (% of population),EG.ELC.ACCS.ZS,,
,,,,,,,,,,,,,,,,,,,,,,,,,,,,,,,,,,,,,,,,96.93087006,97.21321869,97.4872818,97.75187683,98.00583649,98.2481308,98.48129272,98.71140289,98.94470215,99.18741608,99.7,99.85722351,99.96487427,99.99700928,100,100,100,100,100,100,,China,CHN,Access to electricity (% of population),EG.ELC.ACCS.ZS,,
,,,,,,,,,,,,,,,,,,,,,,,,,,,,,,,,,,36.5,43.63125229,44.64821243,45.66176987,46.67124557,48.2,48.67458344,49.66616821,51.4,51.62330627,52.58650208,58.9,60.17105263,55.41978073,60.3,57.31427383,58.28188705,55.8,55.8,61.32735825,61.9,62.6,64.3,65.6,67.17237091,68.55010986,,Cote d'Ivoire,CIV,Access to electricity (% of population),EG.ELC.ACCS.ZS,,
,,,,,,,,,,,,,,,,,,,,,,,,,,,,,,,29,32.69752502,33.84919357,34.99950409,36.14777374,37.29332352,38.4354744,40.7,40.70677567,41,46.2,44.06614304,45.16857147,47.1,47.34048462,49,48.2,50.55054855,51.63109589,52.72730255,53.7,54.98992157,56.15855408,56.8,58.55207825,59.76893234,60.99382401,62.2,63.45231247,,Cameroon,CMR,Access to electricity (% of population),EG.ELC.ACCS.ZS,,
,,,,,,,,,,,,,,,,,,,,,,,,,,,,,,,,,,,,,,,,6.7,7.160378456,7.820706367,8.471570015,9.111793518,6,10.35978127,15.2,11.59572029,12.22470379,12.86934471,13.53587914,15.4,14.94590092,13.5,16.43629265,17.20158195,18.0063858,18.75225258,19.1,,"Congo, Dem. Rep.",COD,Access to electricity (% of population),EG.ELC.ACCS.ZS,,
,,,,,,,,,,,,,,,,,,,,,,,,,,,,,,,,,,,,,,,,,,,,,33.8,34.91806793,35.86069107,36.80649567,37.1,39.96152115,40.80084991,41.6,42.42240524,43.255867,44.18732071,45.1781311,46.12187958,47.22546768,48.32972336,,"Congo, Rep.",COG,Access to electricity (% of population),EG.ELC.ACCS.ZS,,
,,,,,,,,,,,,,,,,,,,,,,,,,,,,,,89.9,91.83665466,92.13265991,92.42799377,92.72196198,91.2,93.30310059,93.58891296,93.87064362,94.1475296,95.2,98.47,94.93788147,95.18396759,95.41941833,96.8,95.85785675,96.06945801,96.806763,96.057229,96.788995,96.6936,97.032176,97.779418,97.790938,98.186898,98.4,98.5,98.5,99.7662735,,Colombia,COL,Access to electricity (% of population),EG.ELC.ACCS.ZS,,
,,,,,,,,,,,,,,,,,,,,,,,,,,,,,,,,,,,,28.9,32.76241302,35.0945282,37.42180252,39.74314117,42.05736542,44.8,46.65977859,48.94561005,51.21978378,53.48482132,55.7468071,58.01197815,60.2865715,70.18231201,69.60940552,69.3,69.59020996,71.97298431,74.37182617,76.78272247,79.20166016,81.6246109,84.04824066,,Comoros,COM,Access to electricity (% of population),EG.ELC.ACCS.ZS,,
,,,,,,,,,,,,,,,,,,,,,,,,,,,,,,,,,,,,,,,,,,58.6,63.26335907,65.22930145,67,69.12872314,71.07081604,73.01609802,74.97080231,81.1,79.46784973,80.95207977,82.99486542,85.05774689,87.13669586,89.22769928,91.32674408,93.42980957,95.53353882,,Cabo Verde,CPV,Access to electricity (% of population),EG.ELC.ACCS.ZS,,
,,,,,,,,,,,,,,,,,,,,,,,,,,,,,,,,,,,,,,,,96.94,98.24978,98.509188,98.695902,98.954779,99.053051,99.147523,99.217998,99.263937,99.409804,98.995734,99.232348,99.503298,99.563517,99.359291,99.409804,99.5,99.6,99.7,99.71,,Costa Rica,CRI,Access to electricity (% of population),EG.ELC.ACCS.ZS,,
,,,,,,,,,,,,,,,,,,,,,,,,,,,,,,,,,80.2988516,80.56954661,81.25461445,84.59666217,82.62368281,83.21684253,85.89261381,86.7479205,89.39385368,89.24681447,89.38121107,89.88654647,90.3162375,90.79527856,91.74867885,92.88584382,92.20245892,93.39830918,93.37721797,94.39591746,94.88178763,94.80531373,95.69537023,96.73233833,97.34094736,97.73551587,98.28050491,,Caribbean small states,CSS,Access to electricity (% of population),EG.ELC.ACCS.ZS,,
,,,,,,,,,,,,,,,,,,,,,,,,,,,,,,,,,,,,,,,,97,96.21989441,95.5,96.55662537,96.70960999,96.85093689,96.98313141,97.11227417,97.24460602,97.38635254,97.54376221,97.72306824,97.92878723,98.15862274,98.40854645,98.67454529,98.95259857,99.23869324,99.52880096,99.8,,Cuba,CUB,Access to electricity (% of population),EG.ELC.ACCS.ZS,,
,,,,,,,,,,,,,,,,,,,,,,,,,,,,,,100,100,100,100,100,100,100,100,100,100,100,100,100,100,100,100,99.99783325,99.98529816,99.9539032,99.90898132,100,100,100,100,100,100,100,100,100,100,,Curacao,CUW,Access to electricity (% of population),EG.ELC.ACCS.ZS,,
,,,,,,,,,,,,,,,,,,,,,,,,,,,,,,99.84692383,99.8788147,99.91024017,100,100,100,100,100,100,100,100,100,100,100,100,100,100,100,100,100,100,100,100,100,100,100,100,100,100,100,,Cayman Islands,CYM,Access to electricity (% of population),EG.ELC.ACCS.ZS,,
,,,,,,,,,,,,,,,,,,,,,,,,,,,,,,100,100,100,100,100,100,100,100,100,100,100,100,100,100,100,100,100,100,100,100,100,100,100,100,100,100,100,100,100,100,,Cyprus,CYP,Access to electricity (% of population),EG.ELC.ACCS.ZS,,
,,,,,,,,,,,,,,,,,,,,,,,,,,,,,,100,100,100,100,100,100,100,100,100,100,100,100,100,100,100,100,100,100,100,100,100,100,100,100,100,100,100,100,100,100,,Czech Republic,CZE,Access to electricity (% of population),EG.ELC.ACCS.ZS,,
,,,,,,,,,,,,,,,,,,,,,,,,,,,,,,100,100,100,100,100,100,100,100,100,100,100,100,100,100,100,100,100,100,100,100,100,100,100,100,100,100,100,100,100,100,,Germany,DEU,Access to electricity (% of population),EG.ELC.ACCS.ZS,,
,,,,,,,,,,,,,,,,,,,,,,,,,,,,,,,,,,,,62,56.29449463,56.32225418,56.34516907,56.3621521,56.37202072,49.7,56.36572266,56.34719849,56.31701279,55.5,56.23532486,56.19614029,56.16637802,56.15227127,56.16006088,54.6,56.25259018,56.6339035,57.66145325,58.74835587,60.2,60.57155991,61.27593613,,Djibouti,DJI,Access to electricity (% of population),EG.ELC.ACCS.ZS,,
,,,,,,,,,,,,,,,,,,,,,,,,,,,,,,,,,,,,,,75,79.62191772,80.96955109,82.31006622,87.7,84.965065,86.27719116,87.57765198,88.86898041,90.15726471,90.9,92.7496109,94.06615448,95.40458679,96.76944733,98.15841675,99.56747437,99.77677155,99.97296906,100,100,100,,Dominica,DMA,Access to electricity (% of population),EG.ELC.ACCS.ZS,,
,,,,,,,,,,,,,,,,,,,,,,,,,,,,,,100,100,100,100,100,100,100,100,100,100,100,100,100,100,100,100,100,100,100,100,100,100,100,100,100,100,100,100,100,100,,Denmark,DNK,Access to electricity (% of population),EG.ELC.ACCS.ZS,,
,,,,,,,,,,,,,,,,,,,,,,,,,,,,,,,78.2,82.48540497,83.25549316,84.02422333,84.79090881,85.55487823,86.31544495,87.07193756,91,88.764932,89.791362,89.749814,89.173808,90.316567,90.141224,90.118148,96.876342,97.576197,97.85776,98.145414,97.898872,97.86705,98.385853,98.470979,98.560364,98.9,100,98.9,100,,Dominican Republic,DOM,Access to electricity (% of population),EG.ELC.ACCS.ZS,,
,,,,,,,,,,,,,,,,,,,,,,,,,,,,,,,,,,,,,,,,,,,,,,,,99.3,98.81757355,98.82183838,98.84799194,98.76466047,98.97725677,99.07403564,99.18688965,99.40287018,99.61513519,99.641922,99.5,,Algeria,DZA,Access to electricity (% of population),EG.ELC.ACCS.ZS,,
,,,,,,,,,,,,,,,,,,,,,,,,,,,,,,,,,,,,,,,,92.52939546,93.07345294,92.3103665,92.54857721,93.49369402,93.13238043,94.20662621,94.28223378,94.76007529,94.60373693,95.04764361,95.70285815,95.97842207,96.20766591,96.3767838,96.81999066,96.94907245,97.62496363,97.73888065,97.93834985,,East Asia & Pacific (excluding high income),EAP,Access to electricity (% of population),EG.ELC.ACCS.ZS,,
,,,,,,,,,,,,,,,,,,,,,,,,,,,,,,,,,55.89792074,56.60147765,58.3400124,60.04182417,62.01660423,63.5084727,66.1926442,65.97408855,64.7813653,68.16721631,69.29426242,70.09155012,70.61107758,72.63652604,74.9653471,75.43365705,77.36205082,78.61938128,75.16328199,81.24617587,81.88193319,82.99355994,85.74699774,87.1856018,89.51484327,90.92324561,92.54255259,,Early-demographic dividend,EAR,Access to electricity (% of population),EG.ELC.ACCS.ZS,,
,,,,,,,,,,,,,,,,,,,,,,,,,,,,,,,,,,,,,,,,93.33774439,93.82014512,93.11681081,93.32693867,94.17039329,93.84338495,94.80459658,94.87062837,95.29854404,95.1435447,95.54155542,96.12967173,96.37596156,96.5806605,96.73159443,97.13014941,97.24545312,97.85459618,97.95669786,98.13627724,,East Asia & Pacific,EAS,Access to electricity (% of population),EG.ELC.ACCS.ZS,,
,,,,,,,,,,,,,,,,,,,,,,,,,,,,,,100,100,100,100,100,99.99433531,99.9274011,99.91214844,99.91698439,99.6818536,99.86444419,99.87595884,99.89847618,99.92889339,99.89600182,99.86923489,99.86503085,99.88543777,99.91420646,99.9259256,99.93291397,99.91861875,99.95191678,99.94615646,99.96107329,98.3534816,99.93280627,99.98112792,99.9820554,99.98532513,,Europe & Central Asia (excluding high income),ECA,Access to electricity (% of population),EG.ELC.ACCS.ZS,,
,,,,,,,,,,,,,,,,,,,,,,,,,,,,,,100,100,100,100,100,99.99787452,99.97148832,99.96526557,99.96726837,99.87154236,99.94463721,99.94953268,99.95858597,99.97111154,99.957909,99.94726865,99.94574736,99.95409949,99.96570837,99.97042041,99.96992437,99.96340358,99.978344,99.97571498,99.98241977,99.2553035,99.96956758,99.99144004,99.99185131,99.99332627,,Europe & Central Asia,ECS,Access to electricity (% of population),EG.ELC.ACCS.ZS,,
,,,,,,,,,,,,,,,,,,,,,,,,,,,,,,,,,,,89.830167,92.05137634,92.4298172,92.726642,93.071434,93.53726196,93.89373016,94.24191284,94.973044,94.90869904,95.83265,96.315259,96.812618,97.206576,96.470862,97.462142,96.872699,97.194929,98.034674,98.976067,98.825883,98.7,99.2,98.7,100,,Ecuador,ECU,Access to electricity (% of population),EG.ELC.ACCS.ZS,,
,,,,,,,,,,,,,,,,,,,,,,,,,,,,,,,,93.4,95.39224243,95.64853668,95.5,96.15432739,96.40246582,96.64652252,96.88573456,97.7,97.3451767,97.56305695,98.8,97.96924591,99.4,99.04,98.5062561,99.8,98.86990356,99.44637299,99.48725128,99.7,99.82130432,99.8,99.3,100,100,100,100,,"Egypt, Arab Rep.",EGY,Access to electricity (% of population),EG.ELC.ACCS.ZS,,
,,,,,,,,,,,,,,,,,,,,,,,,,,,,,,100,100,100,100,100,100,100,100,100,100,100,100,100,100,100,100,100,100,100,100,100,100,100,100,100,100,100,100,100,100,,Euro area,EMU,Access to electricity (% of population),EG.ELC.ACCS.ZS,,
,,,,,,,,,,,,,,,,,,,,,,,,,,,,,,,,,,,22.9,24.75544739,25.8746109,26.9896946,28.09993553,29.20424271,30.30143547,32.2,32.46978378,33.53858566,34.5957222,35.64373016,36.68868637,37.73682404,38.79438782,39.86760712,40.96271896,42.0842514,43.22989655,44.3956337,45.57744598,46.77131271,47.9732132,49.17913818,50.38573074,,Eritrea,ERI,Access to electricity (% of population),EG.ELC.ACCS.ZS,,
,,,,,,,,,,,,,,,,,,,,,,,,,,,,,,100,100,100,100,100,100,100,100,100,100,100,100,100,100,100,100,100,100,100,100,100,100,100,100,100,100,100,100,100,100,,Spain,ESP,Access to electricity (% of population),EG.ELC.ACCS.ZS,,
,,,,,,,,,,,,,,,,,,,,,,,,,,,,,,100,100,100,100,100,100,100,100,100,100,100,100,100,100,100,100,100,100,100,100,100,100,100,100,100,100,100,100,100,100,,Estonia,EST,Access to electricity (% of population),EG.ELC.ACCS.ZS,,
,,,,,,,,,,,,,,,,,,,,,,,,,,,,,,,,,,,,,,,,12.7,25.47764397,26.37947845,27.27184677,28.1535759,14,29.88457489,,31.60352707,32.47401428,33.36016083,23,35.20266342,36.16123581,27.2,29,42.9,44.3,45.05340195,48.2716217,,Ethiopia,ETH,Access to electricity (% of population),EG.ELC.ACCS.ZS,,
,,,,,,,,,,,,,,,,,,,,,,,,,,,,,,100,100,100,100,100,100,100,100,100,100,100,100,100,100,100,100,100,100,100,100,100,100,100,100,100,100,99.96019634,100,100,100,,European Union,EUU,Access to electricity (% of population),EG.ELC.ACCS.ZS,,
,,,,,,,,,,,,,,,,,,,,,,,,,,,,,,,,,,,,,,,,32.46619483,35.42743457,38.09493973,40.03417206,39.59286459,37.27404795,42.75882841,45.89610613,44.51992881,44.14961424,44.19456195,45.40829507,47.46182279,49.02685625,48.04599715,48.09833984,52.50161896,52.8752173,53.2986196,54.06689684,,Fragile and conflict affected situations,FCS,Access to electricity (% of population),EG.ELC.ACCS.ZS,,
,,,,,,,,,,,,,,,,,,,,,,,,,,,,,,100,100,100,100,100,100,100,100,100,100,100,100,100,100,100,100,100,100,100,100,100,100,100,100,100,100,100,100,100,100,,Finland,FIN,Access to electricity (% of population),EG.ELC.ACCS.ZS,,
,,,,,,,,,,,,,,,,,,,,,,,,,,,,,,,,,,,,66.9,71.77151489,73.08958435,74.40281677,75.71011353,77.01029205,79.63,80,80.85640717,82.11653137,83.36753082,88.9,86.16,87.12715149,89.1906662,90.10233307,91.02597809,91.75,93.74333954,95.12813568,96.5249939,96,99.33879089,100,,Fiji,FJI,Access to electricity (% of population),EG.ELC.ACCS.ZS,,
,,,,,,,,,,,,,,,,,,,,,,,,,,,,,,100,100,100,100,100,100,100,100,100,100,100,100,100,100,100,100,100,100,100,100,100,100,100,100,100,100,100,100,100,100,,France,FRA,Access to electricity (% of population),EG.ELC.ACCS.ZS,,
,,,,,,,,,,,,,,,,,,,,,,,,,,,,,,100,100,100,100,100,100,100,100,100,100,100,100,100,100,100,100,100,100,100,100,100,100,100,100,100,100,100,100,100,100,,Faroe Islands,FRO,Access to electricity (% of population),EG.ELC.ACCS.ZS,,
,,,,,,,,,,,,,,,,,,,,,,,,,,,,,,,,,,,,,,,,46,48.41128922,50.19380188,51.9668541,53.72926331,55.48000717,57.22162247,58.960186,60.701931,62.45310211,64.53152025,66.68044281,68.60435486,70.50697327,72.44293213,74.47687531,76.57017517,78.58091736,80.40616608,82.11694336,,"Micronesia, Fed. Sts.",FSM,Access to electricity (% of population),EG.ELC.ACCS.ZS,,
,,,,,,,,,,,,,,,,,,,,,,,,,,,,,,,,,,,,,,,,73.6,77.13812256,77.86385345,78.5801239,79.28574371,81.6,80.66454315,81.34632111,82.03128815,82.72566986,89.48566437,88.87747955,89.3,86.4,86.98995209,87.32967377,88.16036987,86.27,89.84184265,90.68525696,,Gabon,GAB,Access to electricity (% of population),EG.ELC.ACCS.ZS,,
,,,,,,,,,,,,,,,,,,,,,,,,,,,,,,100,100,100,100,100,100,100,100,100,100,100,100,100,100,100,100,100,100,100,100,100,100,100,100,100,100,100,100,100,100,,United Kingdom,GBR,Access to electricity (% of population),EG.ELC.ACCS.ZS,,
,,,,,,,,,,,,,,,,,,,,,,,,,,,,,,,,,,,,,,,,,,99.9,100,99.93,97.93505412,100,100,100,100,100,100,100,100,100,100,100,100,99.9,100,,Georgia,GEO,Access to electricity (% of population),EG.ELC.ACCS.ZS,,
,,,,,,,,,,,,,,,,,,,,,,,,,,,,,,,,,30.6,30.36940575,32.4504509,34.52877045,36.60369492,42.6,40.74053955,43.7,44.8535614,46.89822769,48.3,50.95799255,41.25,55.09345008,56.97537231,60.5,60.99259567,64.2,64.06256,56.51,70.7,78.3,74.17105103,79.3,79,80.4,83.5,,Ghana,GHA,Access to electricity (% of population),EG.ELC.ACCS.ZS,,
,,,,,,,,,,,,,,,,,,,,,,,,,,,,,,100,100,100,100,100,100,100,100,100,100,100,100,100,100,100,100,100,100,100,100,100,100,100,100,100,100,100,100,100,100,,Gibraltar,GIB,Access to electricity (% of population),EG.ELC.ACCS.ZS,,
,,,,,,,,,,,,,,,,,,,,,,,,,,,,,,,,,,,,,,,16.4,15.46630478,16.70739174,17.94019127,19.16352463,20.3762188,20.2,22.76914978,23.95799637,25.15003014,26.3514843,27.56859589,28.80760193,26.2,31.36256409,32.67219543,33.9978981,33.5,35.4,44,42.41838837,,Guinea,GIN,Access to electricity (% of population),EG.ELC.ACCS.ZS,,
,,,,,,,,,,,,,,,,,,,,,,,,,,,,,,,,,17.7,18.25004959,19.92144394,21.59011841,23.25539207,24.91658783,26.57294083,34.3,29.86666489,31.50168228,27.8,34.74214935,30.4562675,37.93951416,39.53058243,41.12483215,42.728508,47.41400146,48.81459427,50.1972847,51.5,52.95340729,54.44612503,55.99819565,56.2,60.3,59.92128754,,"Gambia, The",GMB,Access to electricity (% of population),EG.ELC.ACCS.ZS,,
,,,,,,,,,,,,,,,,,,,,,,,,,,,,,,,,,,,,,,,,,,,,,,14.5361991,7.998231411,9.323233604,4.7,6,13.37971306,14.7781086,16.20061493,17.2,20.14110756,23.04921532,26,28.51482964,31.0404129,,Guinea-Bissau,GNB,Access to electricity (% of population),EG.ELC.ACCS.ZS,,
,,,,,,,,,,,,,,,,,,,,,,,,,,,,,,,,,,,,,,,,,,,,,,,,,,,66.1,65.66336823,65.75577545,65.86827087,65.99684906,66.13747406,66.28614044,66.43882751,66.59217834,,Equatorial Guinea,GNQ,Access to electricity (% of population),EG.ELC.ACCS.ZS,,
,,,,,,,,,,,,,,,,,,,,,,,,,,,,,,100,100,100,100,100,100,100,100,100,100,100,100,100,100,100,100,100,100,100,100,100,100,100,100,100,100,100,100,100,100,,Greece,GRC,Access to electricity (% of population),EG.ELC.ACCS.ZS,,
,,,,,,,,,,,,,,,,,,,,,,,,,,,,,,,,,,,,,,85.04,85.52946472,85.93244171,86.32830811,86.71588898,87.0940094,87.46147919,87.81729126,88.16397095,88.50760651,90,89.21065521,89.58255005,88.8,90.39653778,90.84085846,91.30526733,92.20235443,93.19223785,94.09955597,94.82138824,95.42874146,,Grenada,GRD,Access to electricity (% of population),EG.ELC.ACCS.ZS,,
,,,,,,,,,,,,,,,,,,,,,,,,,,,,,,100,100,100,100,100,100,100,100,100,100,100,100,100,100,100,100,100,100,100,100,100,100,100,100,100,100,100,100,100,100,,Greenland,GRL,Access to electricity (% of population),EG.ELC.ACCS.ZS,,
,,,,,,,,,,,,,,,,,,,,,,,,,,,,,,,,,,,60.8,67.67993927,68.90407562,70.12413025,70.9,73.318205,73.75078583,78.667838,78.512204,77.30284882,78.46495819,83.730998,80.76786804,81.92097473,83.08351135,84.26170349,84.026414,86.68829346,87.93890381,85.494371,90.49639893,91.79523468,93.3,94.41300964,95.72457123,,Guatemala,GTM,Access to electricity (% of population),EG.ELC.ACCS.ZS,,
,,,,,,,,,,,,,,,,,,,,,,,,,,,,,,99.84430695,99.87581635,99.90686798,99.93725586,99.96508026,100,100,100,100,100,100,100,100,100,100,100,100,100,100,100,100,100,100,100,100,100,100,100,100,100,,Guam,GUM,Access to electricity (% of population),EG.ELC.ACCS.ZS,,
,,,,,,,,,,,,,,,,,,,,,,,,,,,,,,,,,72.376631,70.71398163,71.35198212,71.98726654,72.61915588,73.24695587,73.86991882,74.48694611,75.09686279,75.69849396,76.29065704,76.87217712,77.5,73.38258786,78.56044006,79.12129974,77.6,82.98226166,83.99753571,84.99491119,85.97098541,86.9,88.08779907,89.25455475,90.33874512,91.23745728,92.02169037,,Guyana,GUY,Access to electricity (% of population),EG.ELC.ACCS.ZS,,
,,,,,,,,,,,,,,,,,,,,,,,,,,,,,,99.88852622,99.92362027,99.90932176,99.92044974,99.92413436,99.92839077,99.92335852,99.93546479,99.95025528,99.94267322,99.94997831,99.94564615,99.94969002,99.97141346,99.95636217,99.9590997,99.98564237,99.96887519,99.97161749,99.9894782,99.99152597,99.99067038,99.99842083,99.99255001,99.99896985,99.99472771,99.99634816,99.99273678,99.99941579,99.99970841,,High income,HIC,Access to electricity (% of population),EG.ELC.ACCS.ZS,,
,,,,,,,,,,,,,,,,,,,,,,,,,,,,,,100,100,100,100,100,100,100,100,100,100,100,100,100,100,100,100,100,100,100,100,100,100,100,100,100,100,100,100,100,100,,"Hong Kong SAR, China",HKG,Access to electricity (% of population),EG.ELC.ACCS.ZS,,
,,,,,,,,,,,,,,,,,,,,,,,,,,,,,,,54.781937,58.913112,61.100156,64.733947,66.122022,61.68112,64.794754,66.859519,67.394103,67.37645721,64.2,63.141137,65.090464,67.113528,68.903309,71.266448,73.548187,76.396899,78.269685,80.984668,82.195298,83.607727,87.184881,88.653773,89.98171,91.6,86.5,91.6,92.77952576,,Honduras,HND,Access to electricity (% of population),EG.ELC.ACCS.ZS,,
,,,,,,,,,,,,,,,,,,,,,,,,,,,,,,,,,,,,,,,,18.92383723,22.08304429,22.2129678,23.44257632,24.04041799,21.62783523,25.8407529,26.66912542,27.90276502,28.05220746,29.34728537,28.72173407,32.39857969,33.25170716,34.94489889,34.99175216,40.31474199,41.2340637,43.6443219,44.62496514,,Heavily indebted poor countries (HIPC),HPC,Access to electricity (% of population),EG.ELC.ACCS.ZS,,
,,,,,,,,,,,,,,,,,,,,,,,,,,,,,,100,100,100,100,100,100,100,100,100,100,100,100,100,100,100,100,100,100,100,100,100,100,100,100,100,100,100,100,100,100,,Croatia,HRV,Access to electricity (% of population),EG.ELC.ACCS.ZS,,
,,,,,,,,,,,,,,,,,,,,,,,,,,,,,,,,,,,31.3,30.01301765,30.55703735,31.09697533,31.63207245,33.7,31.542382,33.19704437,31.6,34.19499969,34.67699432,33.9,35.61966324,36.092659,36.57507706,37.07315063,37.59311676,37.9,38.71000671,39.4816246,40.75870895,40.4,43.34903336,44.41743088,45.37134552,,Haiti,HTI,Access to electricity (% of population),EG.ELC.ACCS.ZS,,
,,,,,,,,,,,,,,,,,,,,,,,,,,,,,,100,100,100,100,100,100,100,100,100,100,100,100,100,100,100,100,100,100,100,100,100,100,100,100,100,100,100,100,100,100,,Hungary,HUN,Access to electricity (% of population),EG.ELC.ACCS.ZS,,
,,,,,,,,,,,,,,,,,,,,,,,,,,,,,,,,,,,,,,,,84.21492039,83.12252088,85.31779983,85.91685897,86.47212634,87.08856387,88.0229053,88.55967793,89.3857735,90.62406634,91.50209561,89.20333413,92.79123822,93.14064783,93.98249613,95.21833189,95.87477572,96.82035819,97.63929486,98.50517648,,IBRD only,IBD,Access to electricity (% of population),EG.ELC.ACCS.ZS,,
,,,,,,,,,,,,,,,,,,,,,,,,,,,,,,,,,,,,,,,,74.26364157,73.71230263,75.227985,75.98675278,76.20100035,76.24571289,77.58974792,78.69746738,78.87963005,79.73797194,80.41453779,79.01979694,82.15782384,82.50476575,83.13030431,84.35234092,85.71845062,86.77219677,87.73864583,88.52500242,,IDA & IBRD total,IBT,Access to electricity (% of population),EG.ELC.ACCS.ZS,,
,,,,,,,,,,,,,,,,,,,,,,,,,,,,,,,,,,,,,,36.61439249,37.95919284,34.98974615,36.85064422,38.86355988,40.64770552,40.24122423,39.68540263,42.68113162,44.01432124,44.46395938,44.55759471,44.47158175,46.41836578,48.51898589,49.25560022,49.61532211,51.21463552,55.14268865,56.91584766,58.72363277,59.69449796,,IDA total,IDA,Access to electricity (% of population),EG.ELC.ACCS.ZS,,
,,,,,,,,,,,,,,,,,,,,,,,,,,,,,,,,,,,,,,53.81805823,55.07865127,54.4900754,55.17426974,55.57485129,58.02737377,56.69865966,56.97232516,57.39662864,58.4842795,58.85644385,58.23449607,57.1644869,61.666521,61.19730843,62.20163531,61.40996897,61.47885946,65.33044772,63.71131623,65.81834733,66.83906857,,IDA blend,IDB,Access to electricity (% of population),EG.ELC.ACCS.ZS,,
,,,,,,,,,,,,,,,,,,,,,,,,,,,,,,,48.9,66.69656372,55.43,62.8,66.86,72.39,80.3,80.94,83.73,86.3,86.26,87.6,87.94,89.01,85.42111206,90.62,91.1,92.73,93.55,94.15,94.83,96,96.46425831,97.01,97.53736744,97.62,98.14,98.51,98.85,,Indonesia,IDN,Access to electricity (% of population),EG.ELC.ACCS.ZS,,
,,,,,,,,,,,,,,,,,,,,,,,,,,,,,,,,,,,,,,,25.56918337,23.57889425,26.15322275,30.12125642,31.55890434,31.69842004,30.92310298,35.23333894,35.94103798,37.19604187,37.71243384,38.10557178,38.75386151,42.13616502,42.72750139,43.65888555,46.02477965,49.98713891,53.47536273,55.1310619,56.07704629,,IDA only,IDX,Access to electricity (% of population),EG.ELC.ACCS.ZS,,
,,,,,,,,,,,,,,,,,,,,,,,,,,,,,,100,100,100,100,100,100,100,100,100,100,100,100,100,100,100,100,100,100,100,100,100,100,100,100,100,100,100,100,100,100,,Isle of Man,IMN,Access to electricity (% of population),EG.ELC.ACCS.ZS,,
,,,,,,,,,,,,,,,,,,,,,,,,,,,,,,,,,50.9,49.81130981,51.40877533,53.00352097,54.59486389,56.18213272,60.1,59.34104538,55.8,62.3,64.02313232,64.4,67.09343719,67.9,70.13076019,71.6510849,75,76.3,67.6,79.9,80.73804474,83.58521271,88,89.53488159,92.45683289,95.19329834,97.81528473,,India,IND,Access to electricity (% of population),EG.ELC.ACCS.ZS,,
,,,,,,,,,,,,,,,,,,,,,,,,,,,,,,,,,,,,,,,,,,,,,,,,,,,,,,,,,,,,,Not classified,INX,Access to electricity (% of population),EG.ELC.ACCS.ZS,,
,,,,,,,,,,,,,,,,,,,,,,,,,,,,,,100,100,100,100,100,100,100,100,100,100,100,100,100,100,100,100,100,100,100,100,100,100,100,100,100,100,100,100,100,100,,Ireland,IRL,Access to electricity (% of population),EG.ELC.ACCS.ZS,,
,,,,,,,,,,,,,,,,,,,,,,,,,,,,,,,,,,,,,,,,97.9,98.11628723,98.24790955,98.37006378,98.48157501,98.58142853,98.4,98.7598114,98.85066223,99.71,99.64732361,99.69103241,99.71684265,99.83,100,99.96,99.95,99.94,100,100,,"Iran, Islamic Rep.",IRN,Access to electricity (% of population),EG.ELC.ACCS.ZS,,
,,,,,,,,,,,,,,,,,,,,,,,,,,,,,,,,,,,,,,,,,,,,,,97.62211156,98.1,97.96062469,98.09731293,98.25507355,98,99.3,98.84931946,99.09417725,99.35511017,99.65268707,99.83660889,99.9,100,,Iraq,IRQ,Access to electricity (% of population),EG.ELC.ACCS.ZS,,
,,,,,,,,,,,,,,,,,,,,,,,,,,,,,,100,100,100,100,100,100,100,100,100,100,100,100,100,100,100,100,100,100,100,100,100,100,100,100,100,100,100,100,100,100,,Iceland,ISL,Access to electricity (% of population),EG.ELC.ACCS.ZS,,
,,,,,,,,,,,,,,,,,,,,,,,,,,,,,,100,100,100,100,100,100,100,100,100,100,100,100,100,100,100,100,100,100,100,100,100,100,100,100,100,100,100,100,100,100,,Israel,ISR,Access to electricity (% of population),EG.ELC.ACCS.ZS,,
,,,,,,,,,,,,,,,,,,,,,,,,,,,,,,100,100,100,100,100,100,100,100,100,100,100,100,100,100,100,100,100,100,100,100,100,100,100,100,100,100,100,100,100,100,,Italy,ITA,Access to electricity (% of population),EG.ELC.ACCS.ZS,,
,,,,,,,,,,,,,,,,,,,,,,,,,,,,,,70.334586,77.22886658,78.03292084,78.83629608,79.63831329,80.43829346,85.706045,82.02940369,82.81917572,84.554112,84.38311005,87.708112,86.681291,86.67273712,87.41622925,88.14806366,88.87075806,89.59040833,92,91.04549408,92.2,91.1,93.1,93.9,93.3,94.9,96.7452774,97.62187195,98.50248718,99.3837738,,Jamaica,JAM,Access to electricity (% of population),EG.ELC.ACCS.ZS,,
,,,,,,,,,,,,,,,,,,,,,,,,,,,,,,96.8,97.85468292,97.97486115,98.09436035,98.21250153,98.32859802,98.44197845,98.9,98.65785217,98.75891113,98.85403442,98.94203949,99.5,99.09201813,99.17343682,99.19959259,100,98.8,100,99.4,100,99.71602631,99.5,99.76028442,99.88537598,99.96422577,99.99480438,100,99.9,100,,Jordan,JOR,Access to electricity (% of population),EG.ELC.ACCS.ZS,,
,,,,,,,,,,,,,,,,,,,,,,,,,,,,,,100,100,100,100,100,100,100,100,100,100,100,100,100,100,100,100,100,100,100,100,100,100,100,100,100,100,100,100,100,100,,Japan,JPN,Access to electricity (% of population),EG.ELC.ACCS.ZS,,
,,,,,,,,,,,,,,,,,,,,,,,,,,,,,,,,,,,99.9,99.19211578,99.26947021,99.34275055,97,99.47368622,99.65,99.81,99.92,99.96,100,99.76654765,100,100,100,100,99.79746835,100,100,100,100,100,100,100,100,,Kazakhstan,KAZ,Access to electricity (% of population),EG.ELC.ACCS.ZS,,
,,,,,,,,,,,,,,,,,,,,,,,,,,,,,,,,,10.9,3.473436832,5.427343369,7.378530502,9.326317787,14.5,13.20889187,15.14182186,17.0676403,18.98517036,16,22.79066277,24.67642593,26.55305481,28.42663383,30.30339813,23,19.2,36.01516342,37.96532059,39.93959045,36,41.6,53.1,56.09143066,61.43641663,69.7,,Kenya,KEN,Access to electricity (% of population),EG.ELC.ACCS.ZS,,
,,,,,,,,,,,,,,,,,,,,,,,,,,,,,,,,,,,,,99.8,99.55382538,99.56558228,99.57141113,99.57012177,100,99.54150391,99.51182556,99.44230769,98.89,99.54,99.51,99.5,99,98.32,99.8,98.93,99.8,98.69,99.71,100,100,99.88175201,,Kyrgyz Republic,KGZ,Access to electricity (% of population),EG.ELC.ACCS.ZS,,
,,,,,,,,,,,,,,,,,,,,,,,,,,,,,,,,,,,,,,18.67,8.820036888,16.6,15.44084358,18.73940277,19.3,25.30695152,20.5,31.83140182,35.08600998,26.4,41.61101913,31.1,48.19865799,51.52984238,54.88513947,56.1,68.84770203,76.62667847,89.07,91.83401489,93,,Cambodia,KHM,Access to electricity (% of population),EG.ELC.ACCS.ZS,,
,,,,,,,,,,,,,,,,,,,,,,,,,,,,,,,,,,,,,,,,,,,,,69.67640546,68.8,67.47807312,69.90923309,64.19,63.16773671,77.28418732,79.78873444,82.31739807,84.86615753,90.55818141,93.63700867,98.6,99.22225952,100,,Kiribati,KIR,Access to electricity (% of population),EG.ELC.ACCS.ZS,,
,,,,,,,,,,,,,,,,,,,,,,,,,,,,,,91.3068161,91.6711731,92.03543091,92.39900208,92.76120758,93.12138367,93.47883606,93.83288574,94.18286133,94.52799225,94.86717987,93.53,95.52306366,95.83739471,96.14108276,96.4331131,96.71600342,96.99584961,97.27887726,97.57132721,99.94722748,100,100,100,100,100,100,100,100,100,,St. Kitts and Nevis,KNA,Access to electricity (% of population),EG.ELC.ACCS.ZS,,
,,,,,,,,,,,,,,,,,,,,,,,,,,,,,,99.88284302,99.91267395,99.94221497,99.96943665,99.98912048,100,100,100,100,100,100,100,100,100,100,100,100,100,100,100,100,100,100,100,100,100,100,100,100,100,,"Korea, Rep.",KOR,Access to electricity (% of population),EG.ELC.ACCS.ZS,,
,,,,,,,,,,,,,,,,,,,,,,,,,,,,,,100,100,100,100,100,100,100,100,100,100,100,100,100,100,100,100,100,100,100,100,100,100,100,100,100,100,100,100,100,100,,Kuwait,KWT,Access to electricity (% of population),EG.ELC.ACCS.ZS,,
,,,,,,,,,,,,,,,,,,,,,,,,,,,,,,,,87.82857266,88.47016775,89.44916553,87.64827727,88.74239661,89.2038644,89.86369592,90.52896094,91.00172704,91.6800378,92.0018544,92.29931311,92.68925947,93.05624537,93.76464153,94.12030466,94.87735242,95.04182829,95.78168588,95.87425649,96.24895903,96.58699565,96.72651708,97.02773236,97.27223275,97.55511263,97.58463745,98.27271963,,Latin America & Caribbean (excluding high income),LAC,Access to electricity (% of population),EG.ELC.ACCS.ZS,,
,,,,,,,,,,,,,,,,,,,,,,,,,,,,,,,,,31,25.605793,25,31.24769974,34.06389618,36.87601089,39.68328476,42.48462296,45.27884674,46.3,48,53.60709,57.2,57.0410587,54.96,66,67.34804535,70.11830139,70,76.36662775,79.51023865,83.17922974,89.7,90.77253723,93.6,98.07460022,100,,Lao PDR,LAO,Access to electricity (% of population),EG.ELC.ACCS.ZS,,
,,,,,,,,,,,,,,,,,,,,,,,,,,,,,,,,,,,,,,,,,,,,99.9,99.60372925,99.38381709,99.9,99.9,99.80111694,99.87401581,99.68401095,99.98432922,99.99804688,100,100,100,100,100,100,,Lebanon,LBN,Access to electricity (% of population),EG.ELC.ACCS.ZS,,
,,,,,,,,,,,,,,,,,,,,,,,,,,,,,,,,,,,,,,,,,,,,,,,3,1.300314069,1.9,5.171546459,4.1,9.128644943,9.8,9.4,15.52771091,17.7,24.2,24.81807899,27.64920998,,Liberia,LBR,Access to electricity (% of population),EG.ELC.ACCS.ZS,,
,,,,,,,,,,,,,,,,,,,,,,,,,,,,,,,,,,,,,,,,99.8,97.11643982,95.42716217,93.72841644,92.01903534,90.29798889,88.56781006,86.83457947,85.10453796,83.38391876,81.67895508,79.99588013,78.3392334,76.70668793,75.09424591,73.4978714,71.91355133,70.33727264,67,68.53218842,,Libya,LBY,Access to electricity (% of population),EG.ELC.ACCS.ZS,,
,,,,,,,,,,,,,,,,,,,,,,,,,,,,,,,,,,,,,,,,,89.9,90.38272858,90.88391113,91.37445831,91.85334015,92.3230896,92.78979492,93.25967407,93.73898315,94.2,94.75908661,95.34342258,95.86147308,96.44895172,97.05250549,97.67999268,98.29696655,98.91943359,99.54777527,,St. Lucia,LCA,Access to electricity (% of population),EG.ELC.ACCS.ZS,,
,,,,,,,,,,,,,,,,,,,,,,,,,,,,,,,,88.76698379,89.37794547,90.27089319,88.62209621,89.57795863,90.03274869,90.64676964,91.25592291,91.69891358,92.35087019,92.645728,92.76547971,93.24900691,93.57878098,94.2890728,94.56138257,95.25249603,95.43630872,96.11715379,96.18682893,96.55893103,96.85531932,97.02997334,97.29341228,97.49233324,97.72943842,97.79457458,98.4242947,,Latin America & Caribbean,LCN,Access to electricity (% of population),EG.ELC.ACCS.ZS,,
,,,,,,,,,,,,,,,,,,,,,,,,,,,,,,,,,,,,,,,,19.21503457,22.04132313,25.24474532,26.64197463,26.77070381,26.26051318,30.33444649,31.00790359,32.66388764,33.19479776,33.48422907,34.33898312,38.36541717,38.54480606,39.19425951,42.19490268,46.28267586,50.1303823,51.93164262,52.77828064,,Least developed countries: UN classification,LDC,Access to electricity (% of population),EG.ELC.ACCS.ZS,,
,,,,,,,,,,,,,,,,,,,,,,,,,,,,,,,,,,,,,,,,12.87158561,16.94496701,20.78382116,22.20041646,22.41335177,19.40083771,24.00791614,24.50920916,26.11360912,25.80286788,26.85011972,26.05087319,30.16081464,31.13132358,31.580486,31.47513045,36.80728933,38.36738679,39.83934444,40.92334181,,Low income,LIC,Access to electricity (% of population),EG.ELC.ACCS.ZS,,
,,,,,,,,,,,,,,,,,,,,,,,,,,,,,,100,100,100,100,100,100,100,100,100,100,100,100,100,100,100,100,100,100,100,100,100,100,100,100,100,100,100,100,100,100,,Liechtenstein,LIE,Access to electricity (% of population),EG.ELC.ACCS.ZS,,
,,,,,,,,,,,,,,,,,,,,,,,,,,,,,,,,,,,,,,,,,63.6,80.7,75.04402924,76.6280899,78.20048523,82.05,80,82.88735199,87.09,85.3,87.76,87,90.2,92.63770294,94.3347702,97.5,97.5,99.58686066,100,,Sri Lanka,LKA,Access to electricity (% of population),EG.ELC.ACCS.ZS,,
,,,,,,,,,,,,,,,,,,,,,,,,,,,,,,,,,49.80184892,50.47463895,51.91638628,53.81767155,56.71769325,58.97155072,61.56438818,62.7341424,61.08555427,64.33714599,65.75712369,66.24794394,67.40539838,69.10034026,69.92461358,71.75739877,73.5044049,74.06200487,71.59056833,77.21604421,77.89186538,79.23165082,82.08789373,83.79325662,85.73493967,87.58819429,89.03552552,,Lower middle income,LMC,Access to electricity (% of population),EG.ELC.ACCS.ZS,,
,,,,,,,,,,,,,,,,,,,,,,,,,,,,,,,,,,,,,,,,73.87243083,73.31318263,74.85858088,75.64996902,75.85602294,75.90740731,77.26772533,78.39331277,78.58712261,79.22350479,79.93157514,78.53844575,81.71504738,82.07930084,82.71897785,83.96649209,85.36072385,86.43906424,87.42337974,88.2287751,,Low & middle income,LMY,Access to electricity (% of population),EG.ELC.ACCS.ZS,,
,,,,,,,,,,,,,,,,,,,,,,,,,,,,,,,,,,,,,,,,4.258760108,1.270180345,3.403664827,5.527685165,6.8,9.742781639,9.7,13.9248991,16.01761818,17,17,22.37724686,20.56,26.73358154,27.8,31.78407669,35.18151093,33.7,47,44.64067841,,Lesotho,LSO,Access to electricity (% of population),EG.ELC.ACCS.ZS,,
,,,,,,,,,,,,,,,,,,,,,,,,,,,,,,,,,,,,,,,,95.77769642,96.20344305,96.59923242,96.85023821,97.10575158,97.57364577,98.24237328,97.93811492,98.24328764,97.88957495,98.46562126,98.66006647,98.76010386,98.93265991,98.94445124,98.83035612,99.17162547,99.28870698,99.30236444,99.37287151,,Late-demographic dividend,LTE,Access to electricity (% of population),EG.ELC.ACCS.ZS,,
,,,,,,,,,,,,,,,,,,,,,,,,,,,,,,100,100,100,100,100,100,100,100,100,100,100,100,100,100,100,100,100,100,100,100,100,100,100,100,100,100,100,100,100,100,,Lithuania,LTU,Access to electricity (% of population),EG.ELC.ACCS.ZS,,
,,,,,,,,,,,,,,,,,,,,,,,,,,,,,,100,100,100,100,100,100,100,100,100,100,100,100,100,100,100,100,100,100,100,100,100,100,100,100,100,100,100,100,100,100,,Luxembourg,LUX,Access to electricity (% of population),EG.ELC.ACCS.ZS,,
,,,,,,,,,,,,,,,,,,,,,,,,,,,,,,100,100,100,100,100,100,100,100,100,100,100,100,100,100,100,100,100,100,100,100,100,100,100,100,100,100,100,100,100,100,,Latvia,LVA,Access to electricity (% of population),EG.ELC.ACCS.ZS,,
,,,,,,,,,,,,,,,,,,,,,,,,,,,,,,99.84928131,99.88058472,99.91143036,99.94161987,100,100,100,100,100,100,100,100,100,100,100,100,100,100,100,100,100,100,100,100,100,100,100,100,100,100,,"Macao SAR, China",MAC,Access to electricity (% of population),EG.ELC.ACCS.ZS,,
,,,,,,,,,,,,,,,,,,,,,,,,,,,,,,100,100,100,100,100,100,100,100,100,100,100,100,100,100,100,100,99.99783325,99.98529816,99.9539032,99.90898132,100,100,100,100,100,100,100,100,100,100,,St. Martin (French part),MAF,Access to electricity (% of population),EG.ELC.ACCS.ZS,,
,,,,,,,,,,,,,,,,,,,,,,,,,,,,,,,,49.2,56.77265167,58.60889816,56.5,62.27459335,64.10268402,65.92668915,67.74585724,69.55908966,71.36521149,73.16304016,74.95140839,78.2,78.49519348,96.5,82.00601196,83.76307678,85.5295639,92.59702301,93.38168335,94.14844513,97.2,91.6,97.3,97.8,100,98.1,99.6,,Morocco,MAR,Access to electricity (% of population),EG.ELC.ACCS.ZS,,
,,,,,,,,,,,,,,,,,,,,,,,,,,,,,,100,100,100,100,100,100,100,100,100,100,100,100,100,100,100,100,100,100,100,100,100,100,100,100,100,100,100,100,100,100,,Monaco,MCO,Access to electricity (% of population),EG.ELC.ACCS.ZS,,
,,,,,,,,,,,,,,,,,,,,,,,,,,,,,,100,100,100,100,100,100,100,100,100,100,100,100,99,100,99.1,98.6,100,100,100,100,100,100,100,100,100,100,100,99.98,99.99,100,,Moldova,MDA,Access to electricity (% of population),EG.ELC.ACCS.ZS,,
,,,,,,,,,,,,,,,,,,,,,,,,,,,,,,,,9.2,10.10562325,10.56164837,11.01563454,11.46690083,10.9,12.35855484,12.79750061,13.23051071,14.8,14.07401752,20.3,14.87966824,15.26551056,15.64221954,16.01587868,16.39272118,17.4,12.3,14.3,18.7,12.9,19.02375221,20.5437088,22.9,24.1,25.51556015,26.9071846,,Madagascar,MDG,Access to electricity (% of population),EG.ELC.ACCS.ZS,,
,,,,,,,,,,,,,,,,,,,,,,,,,,,,,,,,,,,,,,,,83.8,87.51950836,88.41437531,89.2997818,90.17454529,91.03765106,91.89161682,92.74253845,93.59664154,99.9,99.41575623,99.48480225,99.53594971,99.5657959,100,99.79016113,100,99.8,100,100,,Maldives,MDV,Access to electricity (% of population),EG.ELC.ACCS.ZS,,
,,,,,,,,,,,,,,,,,,,,,,,,,,,,,,,,,,,,,,,,91.0741455,91.34997609,91.38023465,92.39837783,92.41298773,93.19349356,95.64552167,93.79731093,94.80680039,94.89100272,95.7794586,95.82597428,95.40188482,97.07460883,96.08407959,96.53771925,96.84848185,97.68722299,96.28229095,97.2325398,,Middle East & North Africa,MEA,Access to electricity (% of population),EG.ELC.ACCS.ZS,,
,,,,,,,,,,,,,,,,,,,,,,,,,,,,,,,,93.145981,95.44846344,95.238294,95.89446259,96.093624,96.32958221,96.092755,96.74829865,98.007132,97.14319611,97.897085,97.50493622,98.597701,98.932728,99.11416,98.11062622,98.914037,98.409729,99.236696,99.06409454,99.111637,99.23202515,99.172928,99,99.5,100,99.5,100,,Mexico,MEX,Access to electricity (% of population),EG.ELC.ACCS.ZS,,
,,,,,,,,,,,,,,,,,,,,,,,,,,,,,,,,,,,,,,,68.52423588,68.51438141,70.01934814,71.51602936,73.00325012,74.47982788,75.9447403,77.40052032,72.3,80.30916595,81.77450562,89.24352264,89.91960679,90.54963684,91.1724472,91.82859039,92.5827179,93.39620972,94.21553802,95.82923126,97.44360352,,Marshall Islands,MHL,Access to electricity (% of population),EG.ELC.ACCS.ZS,,
,,,,,,,,,,,,,,,,,,,,,,,,,,,,,,,,,,,,,,,,78.08787488,77.23527443,78.95302313,79.76410221,80.0969358,80.76981124,81.92124608,82.33839902,83.3397913,84.46960878,85.15172918,83.77426321,86.92815956,87.30009842,88.03032796,89.49455637,90.54729542,91.64876993,92.658791,93.51640428,,Middle income,MIC,Access to electricity (% of population),EG.ELC.ACCS.ZS,,
,,,,,,,,,,,,,,,,,,,,,,,,,,,,,,100,100,100,100,100,100,100,100,100,100,100,100,100,100,99.42,100,99,100,99.2,99.2,100,99.7261638,100,100,100,100,100,100,99.8,100,,North Macedonia,MKD,Access to electricity (% of population),EG.ELC.ACCS.ZS,,
,,,,,,,,,,,,,,,,,,,,,,,,,,,,,,,,,,,,6.2,4.28854084,6.066863537,7.840343952,9.607888222,10.8,13.12046623,14.86314678,16.59518623,18.3155632,16.6,21.73500252,23.44638062,24.03089583,26.90363884,28.66198921,25.6,32.25564575,34.08462143,37.6,38.86705399,34.78,50.9,48.02124786,,Mali,MLI,Access to electricity (% of population),EG.ELC.ACCS.ZS,,
,,,,,,,,,,,,,,,,,,,,,,,,,,,,,,100,100,100,100,100,100,100,100,100,100,100,100,100,100,100,100,100,100,100,100,100,100,100,100,100,100,100,100,100,100,,Malta,MLT,Access to electricity (% of population),EG.ELC.ACCS.ZS,,
,,,,,,,,,,,,,,,,,,,,,,,,,,,,,,,,,,,,,,,,,,47,45.20727539,46.31351089,47.40808105,48.49352264,49.57591248,50.66148758,51.75648499,48.8,53.99968338,55.15865326,56.34173203,52,60.5,55.6,69.8148366,66.17798615,68.35665131,,Myanmar,MMR,Access to electricity (% of population),EG.ELC.ACCS.ZS,,
,,,,,,,,,,,,,,,,,,,,,,,,,,,,,,,,,,,,,,,,89.50068078,89.8080186,89.94176691,91.1120897,91.13088426,92.01752295,94.94947256,92.77554774,94.02007243,94.09421101,95.10549566,95.14680211,94.64259347,96.58596249,95.42387597,95.94941337,96.3183189,97.2959632,95.64138126,96.75464785,,Middle East & North Africa (excluding high income),MNA,Access to electricity (% of population),EG.ELC.ACCS.ZS,,
,,,,,,,,,,,,,,,,,,,,,,,,,,,,,,100,100,100,100,100,100,100,100,100,100,100,100,100,100,100,99.83022071,100,100,100,100,100,99,100,99.7,97.7,100,100,100,100,100,,Montenegro,MNE,Access to electricity (% of population),EG.ELC.ACCS.ZS,,
,,,,,,,,,,,,,,,,,,,,,,,,,,,,,,,,,,,,,,,,67.3,71.7061615,72.80158997,76.3,74.96286774,86.2,77.08104706,78.13251495,79.18717194,80.25125122,78.50208044,72.05707491,83.56066895,81.2,85.88508606,88.05883789,91.00872803,93.87606049,98.1,99.12526703,,Mongolia,MNG,Access to electricity (% of population),EG.ELC.ACCS.ZS,,
,,,,,,,,,,,,,,,,,,,,,,,,,,,,,,99.85326385,99.88437653,99.91503143,99.9449234,99.97164154,100,100,100,100,100,100,100,100,99.99880981,99.99087524,99.96778107,99.92762756,100,100,100,100,100,100,100,100,100,100,100,100,100,,Northern Mariana Islands,MNP,Access to electricity (% of population),EG.ELC.ACCS.ZS,,
,,,,,,,,,,,,,,,,,,,,,,,,,,,,,,,,,,,,,6.6,3.663175583,4.879123688,6.089135647,5.7,8.48664856,8.1,10.84630394,12.0091486,13.16286087,12.4,13.57122385,15,18.83759689,20.2,21.23671913,22.40603065,24.8,24,26.2693119,24.3,31.1,29.61616135,,Mozambique,MOZ,Access to electricity (% of population),EG.ELC.ACCS.ZS,,
,,,,,,,,,,,,,,,,,,,,,,,,,,,,,,,,,,,,,,,,,22.2,21.51865578,22.90974617,24.29019547,18.2,27.0186367,33.04054054,30,31.10423851,33.92690277,35.13134003,36.31787491,37.48311234,38.8,39.5,41.33416367,42.9,44.29382706,45.81206894,,Mauritania,MRT,Access to electricity (% of population),EG.ELC.ACCS.ZS,,
,,,,,,,,,,,,,,,,,,,,,,,,,,,,,,99.04156494,99.07067871,99.09967804,99.12800598,99.15496826,99.17988586,99.20209503,99.22089386,99.23561859,99.24550629,99,99.24628448,99.4,99.21391296,99.18235779,99.13913727,99.08678436,99.0313797,98.97916412,98.93636322,99.58998108,99.6,99.49635315,99.41928864,99.37555695,99.4298172,99.54343414,99.61,99.42006683,100,,Mauritius,MUS,Access to electricity (% of population),EG.ELC.ACCS.ZS,,
,,,,,,,,,,,,,,,,,,,,,,,,,,,,,,,,3.2,1.553555846,2.013661385,2.471727133,2.927073479,3.379020214,3.826887608,4.26991272,4.8,5.136980057,5.558670044,6.2,6.9,6.762401581,3.653227333,7.520929813,7.901853561,8.292198181,8.7,7.6,7.4,9,11.9,10.8,11,12.7,18.02,11.2,,Malawi,MWI,Access to electricity (% of population),EG.ELC.ACCS.ZS,,
,,,,,,,,,,,,,,,,,,,,,,,,,,,,,,,,,,,,,,,,,,,,,,,,,99.3,99.27632141,99.53179169,99.8,99.92416382,99.98835754,100,100,100,100,100,,Malaysia,MYS,Access to electricity (% of population),EG.ELC.ACCS.ZS,,
,,,,,,,,,,,,,,,,,,,,,,,,,,,,,,100,100,100,100,100,100,100,100,100,100,100,100,100,100,100,100,100,100,100,100,100,100,100,100,100,100,100,100,100,100,,North America,NAC,Access to electricity (% of population),EG.ELC.ACCS.ZS,,
,,,,,,,,,,,,,,,,,,,,,,,,,,,,,,,,26.4,27,28.93258858,29.95214844,30.96898842,31.9824295,32.99179077,33.99631119,36.5,35.98637009,36.96955109,37.94327164,38.906353,39.85776901,40.80005264,43.7,42.68170547,44.1,44.60103989,42.3,46.60624313,47.4,48.70618057,51.6,49.7,52.5,53.96953964,55.19511795,,Namibia,NAM,Access to electricity (% of population),EG.ELC.ACCS.ZS,,
,,,,,,,,,,,,,,,,,,,,,,,,,,,,,,99.84430695,99.87581635,99.90686798,99.93725586,99.96508026,100,100,100,100,100,100,100,100,100,100,100,100,100,100,100,100,100,100,100,100,100,100,100,100,100,,New Caledonia,NCL,Access to electricity (% of population),EG.ELC.ACCS.ZS,,
,,,,,,,,,,,,,,,,,,,,,,,,,,,,,,,,4.4,4.012139797,4.57177639,6.2,7,6.235727787,6.7,7.325682163,6.481481481,8.391811371,8.913032532,9.424788475,9.925904274,7.1,9.3,11.37294674,11.85340118,12.34327698,13.3953104,14.3,14.4,15.16402817,15.76677132,16.6,17.22759056,17.90511894,17.6,18.77472496,,Niger,NER,Access to electricity (% of population),EG.ELC.ACCS.ZS,,
,,,,,,,,,,,,,,,,,,,,,,,,,,,,,,27.3,35.23460007,36.0994606,36.96364594,37.82646942,38.68725204,39.5453186,40.39998245,41.25056839,44.9,42.93611908,43.76881409,44.59322357,52.2,46.21246719,47.00510788,47.78861618,50.13091943,50.3,50.14577866,48,55.9,53.15390015,55.6,54.42453384,52.5,59.3,54.4,56.5,55.4,,Nigeria,NGA,Access to electricity (% of population),EG.ELC.ACCS.ZS,,
,,,,,,,,,,,,,,,,,,,,,,,,,,,,,,,,,72.064174,69.25382996,69.84990692,70.44326019,71.03321075,69.047103,72.20012665,72.77522278,72.22158,73.90290833,74.45314026,74.99273682,73.821815,76.03946686,76.55521393,77.07414246,77.916313,78.14650726,78.71240997,79.54708099,80.75727081,81.853073,83.34231567,84.74318695,86.06150055,87.19432068,88.21266937,,Nicaragua,NIC,Access to electricity (% of population),EG.ELC.ACCS.ZS,,
,,,,,,,,,,,,,,,,,,,,,,,,,,,,,,100,100,100,100,100,100,100,100,100,100,100,100,100,100,100,100,100,100,100,100,100,100,100,100,100,100,100,100,100,100,,Netherlands,NLD,Access to electricity (% of population),EG.ELC.ACCS.ZS,,
,,,,,,,,,,,,,,,,,,,,,,,,,,,,,,100,100,100,100,100,100,100,100,100,100,100,100,100,100,100,100,100,100,100,100,100,100,100,100,100,100,100,100,100,100,,Norway,NOR,Access to electricity (% of population),EG.ELC.ACCS.ZS,,
,,,,,,,,,,,,,,,,,,,,,,,,,,,,,,,,,,,,17.9,18.13286781,21.7325325,25.32735443,28.91624069,24.6,36.07150269,42.41,37.2,46.73062515,51.2,53.7927475,57.32546997,60.86761093,68.6,67.26,74.73197174,77.60891724,84.9,83.52746582,90.7,89.92308044,93.92,89.9,,Nepal,NPL,Access to electricity (% of population),EG.ELC.ACCS.ZS,,
,,,,,,,,,,,,,,,,,,,,,,,,,,,,,,98.99908447,99.04130554,99.0834198,99.12485504,99.16492462,99.20295715,99.23826599,99.27017975,99.29801178,99.32100677,99.33805847,99.3480072,99.34966278,99.34185028,99.3234024,99.29328918,99.25404358,99.8,99.17263794,99.14295197,99.12892151,99,99.17106628,99.22946167,99.30794525,99,99.65935516,99.88204956,99.91926575,100,,Nauru,NRU,Access to electricity (% of population),EG.ELC.ACCS.ZS,,
,,,,,,,,,,,,,,,,,,,,,,,,,,,,,,100,100,100,100,100,100,100,100,100,100,100,100,100,100,100,100,100,100,100,100,100,100,100,100,100,100,100,100,100,100,,New Zealand,NZL,Access to electricity (% of population),EG.ELC.ACCS.ZS,,
,,,,,,,,,,,,,,,,,,,,,,,,,,,,,,99.54240086,99.64097554,99.1164507,99.31714143,99.30660351,99.3078444,99.38694187,99.4195351,99.41722279,99.47132368,99.62107082,99.65109993,99.5938053,99.58536236,99.67497471,99.75570791,99.75702155,99.65604663,99.75756634,99.6990738,99.81193694,99.79217061,99.81385542,99.84519617,99.84413599,99.83793117,99.89476319,99.94008668,99.89758113,99.99030697,,OECD members,OED,Access to electricity (% of population),EG.ELC.ACCS.ZS,,
,,,,,,,,,,,,,,,,,,,,,,,,,,,,,,100,100,100,100,100,100,100,100,100,100,100,100,100,100,100,100,99.9992218,100,100,100,100,100,100,100,100,100,100,100,100,100,,Oman,OMN,Access to electricity (% of population),EG.ELC.ACCS.ZS,,
,,,,,,,,,,,,,,,,,,,,,,,,,,,,,,,,,,,,,,,,60.41588699,56.73565964,57.77651273,58.81738204,60.71671918,62.04510478,60.49409024,62.04584874,63.34303282,63.89255786,66.06152965,68.11341949,69.2896964,70.30217261,71.8655058,72.85746467,74.07334888,75.28023707,77.48413348,78.2433314,,Other small states,OSS,Access to electricity (% of population),EG.ELC.ACCS.ZS,,
,,,,,,,,,,,,,,,,,,,,,,,,,,,,,,,,,,,,,,70.46,70.26535034,70.34899139,70.42551422,70.4937439,70.55251312,70.60064697,70.63711548,70.6644516,70.68873596,70.71620178,70.7530899,70.80564117,70.88008118,70.98094177,71.10591888,71.25098419,71.41212463,71.58531952,70.79,72.63497925,73.91436005,,Pakistan,PAK,Access to electricity (% of population),EG.ELC.ACCS.ZS,,
,,,,,,,,,,,,,,,,,,,,,,,,,,,,,,70.19,73.44313049,74.25563812,75.06745911,75.87792206,76.68634033,77.49204254,78.29434967,79.09257507,79.88595581,81.40141009,81.45373535,82.2257843,87.8,83.74030304,84.48058319,85.21173096,85.93982697,86.67110443,87.41181183,86.85,88.94641876,89.75109863,89.1,91.42875671,92.2937088,93.17071533,93.7,94.94482422,95.83455658,,Panama,PAN,Access to electricity (% of population),EG.ELC.ACCS.ZS,,
,,,,,,,,,,,,,,,,,,,,,,,,,,,,,,,,70.1,64.74899292,66.05293274,67.35483551,67,69.16024,72.072063,74.078523,72.496495,72.113111,74.382688,74.380966,75.692357,77.173645,80.157275,81.988131,84.678343,86.42432,88.123061,89.707491,91.099508,92.135365,92.919989,93.852179,94.2,94.8,95.2,98.34660339,,Peru,PER,Access to electricity (% of population),EG.ELC.ACCS.ZS,,
,,,,,,,,,,,,,,,,,,,,,,,,,,,,,,,,,65.4,68.01855469,69.13311768,70.24495697,71.35339355,71.3,71.87417093,74.65086365,75.73733521,76.81551361,76.6,87.6,79.98873138,80.18,82.06024933,83.3,84.3,85.39570618,87.2,87.08,87.5,89.69213867,89.08,92.04637146,93,94.43275452,95.62862396,,Philippines,PHL,Access to electricity (% of population),EG.ELC.ACCS.ZS,,
,,,,,,,,,,,,,,,,,,,,,,,,,,,,,,96.62535095,96.76270294,96.89993286,97.03649139,97.17168427,97.30484009,97.43527222,97.56230927,97.68526459,97.80337524,97.91555786,98.02062225,98.11740112,98.20471191,98.28138733,98.91650733,98.40227509,98.45510101,98.51111603,98.57655334,98.65763855,98.76062775,97.63042631,99.04354858,99.8103,99.40684509,100,100,100,100,,Palau,PLW,Access to electricity (% of population),EG.ELC.ACCS.ZS,,
,,,,,,,,,,,,,,,,,,,,,,,,,,,,,,,,,,,,11,2.158482552,4.295089722,6.426855087,8.552684784,10.67140293,12.7818327,14.88279724,16.97312164,19.05178452,12.4,23.18779182,25.25745583,17.2,19.5,31.54792023,33.69097519,35.85814667,39.45996475,44.36001587,49.4,54.4,58.88763428,63.46451187,,Papua New Guinea,PNG,Access to electricity (% of population),EG.ELC.ACCS.ZS,,
,,,,,,,,,,,,,,,,,,,,,,,,,,,,,,100,100,100,100,100,100,100,100,100,100,100,100,100,100,100,100,100,100,100,100,100,100,100,100,100,100,100,100,100,100,,Poland,POL,Access to electricity (% of population),EG.ELC.ACCS.ZS,,
,,,,,,,,,,,,,,,,,,,,,,,,,,,,,,,,,,,,,22.99042077,23.68651483,24.9139972,22.53642822,23.92127387,24.39235038,26.90657166,26.0480048,26.4486871,30.80123024,32.52783937,33.0215221,31.87194057,32.09206503,35.52959707,37.01419371,37.84975155,39.4006083,39.54194095,44.27883814,44.03408491,46.72452005,47.23105972,,Pre-demographic dividend,PRE,Access to electricity (% of population),EG.ELC.ACCS.ZS,,
,,,,,,,,,,,,,,,,,,,,,,,,,,,,,,99.98342896,99.9930954,99.99861908,100,100,100,100,100,100,100,100,100,100,100,100,100,100,100,100,100,100,100,100,100,100,100,100,100,100,100,,Puerto Rico,PRI,Access to electricity (% of population),EG.ELC.ACCS.ZS,,
,,,,,,,,,,,,,,,,,,,,,,,,,,,,,,,,,,,,,,,,,,,,,,,,,26,29.29593086,31.45312309,33.63673401,35.84445572,38.07227325,40.31616211,42.57210541,44.83608627,47.10408783,49.37275696,,"Korea, Dem. People's Rep.",PRK,Access to electricity (% of population),EG.ELC.ACCS.ZS,,
,,,,,,,,,,,,,,,,,,,,,,,,,,,,,,100,100,100,100,100,100,100,100,100,100,100,100,100,100,100,100,100,100,100,100,100,100,100,100,100,100,100,100,100,100,,Portugal,PRT,Access to electricity (% of population),EG.ELC.ACCS.ZS,,
,,,,,,,,,,,,,,,,,,,,,,,,,,,,,,,,,,,77.469114,86.26005554,86.412854,87.76236725,88.518177,89.24497986,91.04207,91.666443,92.558399,93.249876,94.686886,96.749045,96.452771,96.677896,96.891335,97.43086,98.23656,97.835616,99.015884,99.000716,99.331532,98.4,99.3,99.6,100,,Paraguay,PRY,Access to electricity (% of population),EG.ELC.ACCS.ZS,,
,,,,,,,,,,,,,,,,,,,,,,,,,,,,,,,,,,,,,97.9,98.53929901,98.62315369,99.7,98.77187347,98.83439636,99.1,98.04,99.89,99.7,97.63,99.02255249,97.76,99.9,99.7,99.7525177,99.73147583,99.9,99.9,100,99.7,99.9903717,100,,West Bank and Gaza,PSE,Access to electricity (% of population),EG.ELC.ACCS.ZS,,
,,,,,,,,,,,,,,,,,,,,,,,,,,,,,,,,,,,,64.10398157,67.5017414,,57.17252235,54.79882659,56.19133647,58.28219394,59.22931797,60.40894125,62.14908641,61.4685169,63.35003993,66.81077751,64.89918469,69.84705578,71.45953622,72.97764916,72.61815608,76.7469137,79.3010795,81.34856488,82.88700418,85.21815975,86.74578058,,Pacific island small states,PSS,Access to electricity (% of population),EG.ELC.ACCS.ZS,,
,,,,,,,,,,,,,,,,,,,,,,,,,,,,,,99.99439656,99.99574935,99.99709388,99.9983401,99.9992618,99.99976588,99.99977412,99.99978242,99.99979087,99.9997995,99.96710192,99.95646371,99.94562424,99.9625035,99.96428643,99.96034649,99.9655143,99.9594314,99.97091088,99.97245046,99.97423253,99.97481185,99.97287641,99.9792596,99.98352253,99.98537827,99.98922487,99.99219432,99.99518581,99.9979629,,Post-demographic dividend,PST,Access to electricity (% of population),EG.ELC.ACCS.ZS,,
,,,,,,,,,,,,,,,,,,,,,,,,,,,,,,100,100,100,100,100,100,100,100,100,100,100,100,100,100,100,100,100,100,100,100,100,100,100,100,100,100,100,100,100,100,,French Polynesia,PYF,Access to electricity (% of population),EG.ELC.ACCS.ZS,,
,,,,,,,,,,,,,,,,,,,,,,,,,,,,,,100,100,100,100,100,100,100,100,100,100,100,100,100,100,100,100,100,100,100,100,100,100,100,100,100,100,100,100,100,100,,Qatar,QAT,Access to electricity (% of population),EG.ELC.ACCS.ZS,,
,,,,,,,,,,,,,,,,,,,,,,,,,,,,,,100,100,100,100,100,100,100,100,100,100,100,100,100,100,100,100,100,100,100,100,100,100,100,100,100,100,99.1,100,100,100,,Romania,ROU,Access to electricity (% of population),EG.ELC.ACCS.ZS,,
,,,,,,,,,,,,,,,,,,,,,,,,,,,,,,100,100,100,100,100,100,100,100,100,100,100,100,100,100,100,100,100,100,100,100,100,100,100,100,100,95.5,100,100,100,100,,Russian Federation,RUS,Access to electricity (% of population),EG.ELC.ACCS.ZS,,
,,,,,,,,,,,,,,,,,,,,,,,,,,,,,,,,2.3,,,,,1.027835965,2.174127579,3.31557703,6.2,5.579493046,6.699606895,7.810256004,8.910264969,4.8,11.07782459,12.15398788,6,14.32210445,9.7,10.8,17.5,15.2,19.8,22.8,29.37,34.1,34.74223709,37.78243637,,Rwanda,RWA,Access to electricity (% of population),EG.ELC.ACCS.ZS,,
,,,,,,,,,,,,,,,,,,,,,,,,,,,,,,,,,46.83986693,46.40136349,47.87918568,48.97210512,50.49215932,54.27427423,57.65987027,57.37150091,54.96203656,60.67271573,62.30056331,62.53268458,64.41758755,65.82615243,67.26986379,69.37509629,72.32064479,73.19362596,67.05647917,77.42161943,77.78491954,80.54705924,84.58633686,86.54024658,89.67897858,92.36122729,94.39872919,,South Asia,SAS,Access to electricity (% of population),EG.ELC.ACCS.ZS,,
,,,,,,,,,,,,,,,,,,,,,,,,,,,,,,100,100,100,100,100,100,100,100,100,100,100,100,100,100,100,100,100,100,100,100,100,100,100,100,100,100,99.9,99.93,100,100,,Saudi Arabia,SAU,Access to electricity (% of population),EG.ELC.ACCS.ZS,,
,,,,,,,,,,,,,,,,,,,,,,,,,,,,,,32.8,26.91929436,27.4086132,27.89725304,28.38453484,28.8697834,29.3523159,29.83145714,30.30652809,30.77675629,23,31.69804192,32.14664078,32.58556747,33.01359177,33.42964554,33.83626556,34.23961639,34.64601135,29,38.09628296,39.85937881,41.60363388,43.32481003,44.9,46.92499542,48.83090973,50.65546417,52.29756546,53.82707214,,Sudan,SDN,Access to electricity (% of population),EG.ELC.ACCS.ZS,,
,,,,,,,,,,,,,,,,,,,,,,,,,,,,,,,,,26,27.19048691,28.85719109,30.52117729,32.2,33.83826828,36.2,37.74,38.77428055,36.8,42.02547073,36.8,47.1,49.9,48.4100647,49.99962616,53.5,56.5,56.5,56.5,57,61,60.5,64.5,61.7,66,70.4,,Senegal,SEN,Access to electricity (% of population),EG.ELC.ACCS.ZS,,
,,,,,,,,,,,,,,,,,,,,,,,,,,,,,,100,100,100,100,100,100,100,100,100,100,100,100,100,100,100,100,100,100,100,100,100,100,100,100,100,100,100,100,100,100,,Singapore,SGP,Access to electricity (% of population),EG.ELC.ACCS.ZS,,
,,,,,,,,,,,,,,,,,,,,,,,,,,,,,,,,,,,,,,,15.7,4.551740646,7.53202343,10.50401783,13.46654797,16.41843796,19.35866356,14.4,12.9,28.14903069,21.2,34.20810318,38.22459793,42.22318649,44.7,50.21110916,55.1,58.48770142,62.9,66.47304535,70.25849152,,Solomon Islands,SLB,Access to electricity (% of population),EG.ELC.ACCS.ZS,,
,,,,,,,,,,,,,,,,,,,,,,,,,,,,,,,,,,,,,,,,,,,,16.8,11.33248552,12.33391953,13.07405567,12.1,14.5701189,11.46217307,14.2,16.94552612,13.5,18.6472683,19.52425957,20.3,23.4,26.1,22.7,,Sierra Leone,SLE,Access to electricity (% of population),EG.ELC.ACCS.ZS,,
,,,,,,,,,,,,,,,,,,,,,,,,,,,,,,,69.60788,75.33219147,76.27613831,77.21871948,76.995504,77.883,80.03151703,81.637983,79.129592,84.519249,87.063829,87.54906,86.961151,87.357045,87.525839,89.201467,91.109558,91.000227,91.08402,91.580238,92.574686,93.680571,95.043105,95.125416,95.4,96,96.8,97,100,,El Salvador,SLV,Access to electricity (% of population),EG.ELC.ACCS.ZS,,
,,,,,,,,,,,,,,,,,,,,,,,,,,,,,,100,100,100,100,100,100,100,100,100,100,100,100,100,100,100,100,100,100,100,100,100,100,100,100,100,100,100,100,100,100,,San Marino,SMR,Access to electricity (% of population),EG.ELC.ACCS.ZS,,
,,,,,,,,,,,,,,,,,,,,,,,,,,,,,,,,,,,,,,,,,,7.4,9.908855438,11.49068165,13.06084442,15.23378582,16.17985535,17.7410202,19.31160545,20.89785004,22.50598717,24.14054489,25.79921341,27.47797585,29.17281151,30.87970161,32.5946312,34.31357574,36.0331955,,Somalia,SOM,Access to electricity (% of population),EG.ELC.ACCS.ZS,,
,,,,,,,,,,,,,,,,,,,,,,,,,,,,,,100,100,100,100,100,100,100,100,100,100,100,100,100,100,100,99.69072165,100,100,100,100,99.718398,100,100,99.92,99.66079793,99.9,100,100,100,99.8,,Serbia,SRB,Access to electricity (% of population),EG.ELC.ACCS.ZS,,
,,,,,,,,,,,,,,,,,,,,,,,,,,,,,,,,,,,,28.27434816,28.18190812,28.40946878,29.94693371,26.01955275,28.11120558,29.01862357,31.19007147,30.79261701,29.40297589,32.3632961,34.165869,34.04442703,33.26780917,33.6628424,35.44365736,37.02156105,38.08059081,37.94241804,38.72840824,43.44610132,43.41872101,45.83025621,46.74498892,,Sub-Saharan Africa (excluding high income),SSA,Access to electricity (% of population),EG.ELC.ACCS.ZS,,
,,,,,,,,,,,,,,,,,,,,,,,,,,,,,,,,,,,,,,,,,,,,,,,,,3,1.5,2.689738274,3.137244701,3.6088624,4.100572586,4.60835743,5.128197193,4.2,6.187970161,6.720535278,,South Sudan,SSD,Access to electricity (% of population),EG.ELC.ACCS.ZS,,
,,,,,,,,,,,,,,,,,,,,,,,,,,,,,,,,,,,,28.28646912,28.19297675,28.42039713,29.95742786,26.02848894,28.11943236,29.02686865,31.19763418,30.79998442,29.41033865,32.3706409,34.17329957,34.05111591,33.27438739,33.66939222,35.44979022,37.02745984,38.08630604,37.94826919,38.73415828,43.45133769,43.4238849,45.83511708,46.74968559,,Sub-Saharan Africa,SSF,Access to electricity (% of population),EG.ELC.ACCS.ZS,,
,,,,,,,,,,,,,,,,,,,,,,,,,,,,,,,,,,,,,,,,66.68720838,64.50729059,65.16873179,65.9433924,67.41624309,68.48102838,67.06992604,68.42659124,69.74007423,69.7882283,71.86435145,73.26245867,74.37422405,75.15001676,76.51138315,77.53253165,78.71831985,79.78783874,81.62508776,82.35172866,,Small states,SST,Access to electricity (% of population),EG.ELC.ACCS.ZS,,
,,,,,,,,,,,,,,,,,,,,,,,,,,,,,,,,,,,,,,,,52.9,51.53033447,52.64903641,53.75827026,54.85686493,55.94379807,57.02159882,58.09634781,59.17428207,56.9,61.36465073,62.48955536,57.9,64.81632233,68.6,67.26376343,69.42658234,74.27,71,75.18190765,,Sao Tome and Principe,STP,Access to electricity (% of population),EG.ELC.ACCS.ZS,,
,,,,,,,,,,,,,,,,,,,,,,,,,,,,,,,,,,,,,,,99.62406,95.4648056,95.39545441,95.31781006,95.23069763,95.13294983,95.02353668,91.01983989,94.78339386,94.66497803,94.55599213,91.19751586,94.39122009,94.34619904,94.32529449,94.32447815,95.00204468,95.90665436,96.72870636,97.4,97.88735199,,Suriname,SUR,Access to electricity (% of population),EG.ELC.ACCS.ZS,,
,,,,,,,,,,,,,,,,,,,,,,,,,,,,,,100,100,100,100,100,100,100,100,100,100,100,100,100,100,100,100,100,100,100,100,100,100,100,100,100,100,100,100,100,100,,Slovak Republic,SVK,Access to electricity (% of population),EG.ELC.ACCS.ZS,,
,,,,,,,,,,,,,,,,,,,,,,,,,,,,,,100,100,100,100,100,100,100,100,100,100,100,100,100,100,100,100,100,100,100,100,100,100,100,100,100,100,100,100,100,100,,Slovenia,SVN,Access to electricity (% of population),EG.ELC.ACCS.ZS,,
,,,,,,,,,,,,,,,,,,,,,,,,,,,,,,100,100,100,100,100,100,100,100,100,100,100,100,100,100,100,100,100,100,100,100,100,100,100,100,100,100,100,100,100,100,,Sweden,SWE,Access to electricity (% of population),EG.ELC.ACCS.ZS,,
,,,,,,,,,,,,,,,,,,,,,,,,,,,,,,,,,,,,,,,,,26.9,25.87891197,28.69206429,31.4945755,34.28542328,35.2,39.84580612,42.62765884,38.6,45.55233761,51.05468369,54.21104813,57.46309662,65,64.1318512,63.43,73.5,74.10943604,77.16963959,,Eswatini,SWZ,Access to electricity (% of population),EG.ELC.ACCS.ZS,,
,,,,,,,,,,,,,,,,,,,,,,,,,,,,,,100,100,100,100,100,100,100,100,100,100,100,100,100,100,100,100,99.99783325,99.98529816,99.9539032,99.90898132,100,100,100,100,100,100,100,100,100,100,,Sint Maarten (Dutch part),SXM,Access to electricity (% of population),EG.ELC.ACCS.ZS,,
,,,,,,,,,,,,,,,,,,,,,,,,,,,,,,,,,,90,92.17365265,92.55249023,92,93.29929352,93.66580963,94.02639008,94.37985992,96.1,95.0607605,95.38583374,95.69924927,99,96.30476379,96.60917664,96.92301941,97,98.07936859,98.32720947,98,100,100,100,100,100,100,,Seychelles,SYC,Access to electricity (% of population),EG.ELC.ACCS.ZS,,
,,,,,,,,,,,,,,,,,,,,,,,,,,,,,,,,,,,,,,,,,,86.6,92.66165161,92.40216064,92.13100433,99.5057574,91.56737518,91.28721619,91.01648712,92.7,91.59918213,90.84231567,90.13881683,89.97625732,89.82977295,89.69534302,89.56895447,86,89.32488251,,Syrian Arab Republic,SYR,Access to electricity (% of population),EG.ELC.ACCS.ZS,,
,,,,,,,,,,,,,,,,,,,,,,,,,,,,,,88.7,91.0539093,91.43911743,91.82364655,92.20681763,92.58794403,92.96634674,93.341362,93.7122879,94.07837677,95.6,94.79156494,95.13632202,95.47160339,95.79624939,96.10923767,96.41308594,96.71389008,97.01787567,100,100,100,93.1,100,100,100,100,100,100,100,,Turks and Caicos Islands,TCA,Access to electricity (% of population),EG.ELC.ACCS.ZS,,
,,,,,,,,,,,,,,,,,,,,,,,,,,,,,,,,,,,,,2.3,2.420387268,2.806213379,3.186103821,3.558882475,3.923372984,4.278398991,3.5,4.955507278,5.279097557,5.599637032,5.923361301,6.256507397,6.4,8.98,7.859260082,8.115847588,8.405773163,7.7,9.240955353,10.9,10.12151718,8.4,,Chad,TCD,Access to electricity (% of population),EG.ELC.ACCS.ZS,,
,,,,,,,,,,,,,,,,,,,,,,,,,,,,,,,,,,,,,,,,92.52949604,93.07354497,92.31046926,92.54867624,93.49377749,93.1324753,94.20669698,94.28230547,94.76013559,95.47322618,95.87913261,96.51326345,96.76206675,96.96396747,97.10509887,97.52390749,97.62472588,98.27902871,98.36506543,98.53822669,,East Asia & Pacific (IDA & IBRD countries),TEA,Access to electricity (% of population),EG.ELC.ACCS.ZS,,
,,,,,,,,,,,,,,,,,,,,,,,,,,,,,,100,100,100,100,100,99.99509456,99.93650103,99.9230351,99.92729807,99.71993723,99.88022642,99.89039257,99.91019836,99.93711671,99.9080419,99.8843899,99.88067806,99.89871754,99.92414314,99.93449131,99.93936336,99.92640402,99.95649209,99.95124746,99.96472986,98.50707926,99.93903444,99.98286665,99.98370004,99.98666369,,Europe & Central Asia (IDA & IBRD countries),TEC,Access to electricity (% of population),EG.ELC.ACCS.ZS,,
,,,,,,,,,,,,,,,,,,,,,,,,,,,,,,,,,,,,,,15.3,16.07299995,16.95623488,19.64577484,21.4203186,23.18539619,24.93983459,26.68261147,27.9,30.14684677,31.88062286,33.62382126,30.79174368,39.7,38.97059631,40.80187988,45.7,44.74192047,46.84999847,48,50,52.44109726,,Togo,TGO,Access to electricity (% of population),EG.ELC.ACCS.ZS,,
,,,,,,,,,,,,,,,,,,,,,,,,,,,,,,,,,,,,,,,,82.1,90.45343018,91.10829926,91.75370789,92.38847351,93.01157379,99.14620148,94.23646545,94.85056305,98.96,99.7,99.35928345,99.10862355,99.42706299,99.48364258,99.6,99.85212708,99.9,99.82,99.9,,Thailand,THA,Access to electricity (% of population),EG.ELC.ACCS.ZS,,
,,,,,,,,,,,,,,,,,,,,,,,,,,,,,,,,,,,,,,,97,98.46774194,98.62453461,99,100,98.6827774,99.3,98.6686554,98.65396881,98.64247894,99,98.65398407,98.68946075,99.1,98.83737183,98.94347382,98,99.19988251,99.3,99.3,99.63539124,,Tajikistan,TJK,Access to electricity (% of population),EG.ELC.ACCS.ZS,,
,,,,,,,,,,,,,,,,,,,,,,,,,,,,,,,,,,,,,,,,99.6,99.72142792,99.73254395,99.73419189,99.72519684,99.70454407,99.8413328,99.641922,99.61226654,99.59204102,100,99.88415527,99.89390564,99.88236237,99.93029022,100,99.99401093,100,100,99.9,,Turkmenistan,TKM,Access to electricity (% of population),EG.ELC.ACCS.ZS,,
,,,,,,,,,,,,,,,,,,,,,,,,,,,,,,,,88.63988441,89.2602248,90.16373707,88.50679713,89.47292951,89.93297599,90.55411194,91.17029294,91.50401708,92.19415158,92.5153017,92.61750352,93.11400632,93.45222538,94.18238791,94.46144411,95.1711646,95.3583136,96.05726764,96.12511565,96.50473594,96.80510929,96.98046829,97.24661199,97.44628471,97.68499066,97.7473978,98.38844661,,Latin America & the Caribbean (IDA & IBRD countries),TLA,Access to electricity (% of population),EG.ELC.ACCS.ZS,,
,,,,,,,,,,,,,,,,,,,,,,,,,,,,,,,,,,,,,,,,,25.6,23.92528915,27.7,30.75041008,34.14598846,37.53243256,36.6,44.30240631,47.69840622,38,54.54361725,58.00358963,61.4876709,73.47,67.28153394,76.5,83.23754883,89.03410339,94.71617889,,Timor-Leste,TLS,Access to electricity (% of population),EG.ELC.ACCS.ZS,,
,,,,,,,,,,,,,,,,,,,,,,,,,,,,,,,,,,,,,,,,89.35281723,89.67683089,89.82033816,91.00198691,91.03663234,91.90922247,94.89021174,92.7145073,93.96349149,94.05237017,95.05031869,95.09401496,94.58295597,96.54903037,95.37102463,95.90251565,96.27438055,97.26718452,95.58886634,96.7151297,,Middle East & North Africa (IDA & IBRD countries),TMN,Access to electricity (% of population),EG.ELC.ACCS.ZS,,
,,,,,,,,,,,,,,,,,,,,,,,,,,,,,,,,,,80,81.78847504,82.55436707,83.31685638,84.07527161,84.82884216,85.57647705,86.31700134,87.04923248,87.77200317,88.48413849,89.18460846,92.3,90.56422424,91.25569153,91.95658875,92.67313385,92.17545611,92.8,94.96540833,95.7744751,100,97.02,98.33101654,99.13130188,98.4,,Tonga,TON,Access to electricity (% of population),EG.ELC.ACCS.ZS,,
,,,,,,,,,,,,,,,,,,,,,,,,,,,,,,,,,46.83986693,46.40136349,47.87918568,48.97210512,50.49215932,54.27427423,57.65987027,57.37150091,54.96203656,60.67271573,62.30056331,62.53268458,64.41758755,65.82615243,67.26986379,69.37509629,72.32064479,73.19362596,67.05647917,77.42161943,77.78491954,80.54705924,84.58633686,86.54024658,89.67897858,92.36122729,94.39872919,,South Asia (IDA & IBRD),TSA,Access to electricity (% of population),EG.ELC.ACCS.ZS,,
,,,,,,,,,,,,,,,,,,,,,,,,,,,,,,,,,,,,28.28646912,28.19297675,28.42039713,29.95742786,26.02848894,28.11943236,29.02686865,31.19763418,30.79998442,29.41033865,32.3706409,34.17329957,34.05111591,33.27438739,33.66939222,35.44979022,37.02745984,38.08630604,37.94826919,38.73415828,43.45133769,43.4238849,45.83511708,46.74968559,,Sub-Saharan Africa (IDA & IBRD countries),TSS,Access to electricity (% of population),EG.ELC.ACCS.ZS,,
,,,,,,,,,,,,,,,,,,,,,,,,,,,,,,,,,,,,,,,,91.29,96.63881683,96.89418793,97.14009857,97.37535858,97.59896088,100,100,100,99,100,100,100,100,100,100,100,100,100,100,,Trinidad and Tobago,TTO,Access to electricity (% of population),EG.ELC.ACCS.ZS,,
,,,,,,,,,,,,,,,,,,,,,,,,,,,,,,,,,,86.8,88.7,90.4,92,93.2,94.2,94.8,97.3,97.8,98.4,99,99.3,99.4,99.4,99.4,99.5,99.5,99.5,99.5,99.7,99.8,99.9,100,100,99.8,100,,Tunisia,TUN,Access to electricity (% of population),EG.ELC.ACCS.ZS,,
,,,,,,,,,,,,,,,,,,,,,,,,,,,,,,,,,,,,,,,,,,,,,,,,,,100,100,100,100,100,100,100,100,100,100,,Turkey,TUR,Access to electricity (% of population),EG.ELC.ACCS.ZS,,
,,,,,,,,,,,,,,,,,,,,,,,,,,,,,,,,,,,,,,,,,,94.62978316,95.11444855,95.40785217,95.68959045,95.96218872,96.7,96.50447845,96.78664398,97.0844574,97.40416718,97.6717774,98.12054443,98.51087189,98.9172821,99.33574677,99.76225281,99.89904785,100,,Tuvalu,TUV,Access to electricity (% of population),EG.ELC.ACCS.ZS,,
,,,,,,,,,,,,,,,,,,,,,,,,,,,,,,,,6.8,2.330187798,3.300647259,4.269067287,9.4,6.197068214,7.15528965,8,9.056112289,9.996443748,10.92848778,11.1,11.4,13.66328144,14.55442524,15.44251728,11.5,11.2,14.8,14.2,15.3,16.4,23.5,26.34278107,32.8,32.41840363,35.22945023,37.7,,Tanzania,TZA,Access to electricity (% of population),EG.ELC.ACCS.ZS,,
,,,,,,,,,,,,,,,,,,,,,,,,,,,,,,,5.6,,,0.533898532,6.8,2.811104298,3.94494772,5.0747118,6.199634075,7.318620205,8.6,7.8,10.62820339,11.71168518,8.9,9,14.90582466,15.9686451,10,12.1,14.6,20.37479401,13.9,20.4,18.5,26.7,32.72455978,42.7,41.3,,Uganda,UGA,Access to electricity (% of population),EG.ELC.ACCS.ZS,,
,,,,,,,,,,,,,,,,,,,,,,,,,,,,,,100,100,100,100,100,100,100,100,100,100,100,100,100,100,100,99.8855617,100,99.8,100,100,100,100,99.86749117,100,100,100,100,100,100,100,,Ukraine,UKR,Access to electricity (% of population),EG.ELC.ACCS.ZS,,
,,,,,,,,,,,,,,,,,,,,,,,,,,,,,,,,,,,,,,,,95.37198456,95.90949204,96.32957126,96.58409533,96.85685224,97.12381327,97.56410497,97.63083093,97.92372322,98.23173612,98.76294005,98.84205796,99.02080398,99.09239459,99.13255215,98.90558347,99.18900925,99.26654018,99.23984975,99.37988903,,Upper middle income,UMC,Access to electricity (% of population),EG.ELC.ACCS.ZS,,
,,,,,,,,,,,,,,,,,,,,,,,,,,,,,,,,96.18231201,96.36306,96.54244995,96.71979523,95.9,97.06565094,97.23280334,97.39511108,97.55148315,97.70074463,97.84171295,97.97322083,98.09409332,98.20329285,98.505426,98.692636,98.784355,99.1,99.3,99.17,99.6,99.611808,99.657085,99.70948,99.7,99.8,99.8,99.9,,Uruguay,URY,Access to electricity (% of population),EG.ELC.ACCS.ZS,,
,,,,,,,,,,,,,,,,,,,,,,,,,,,,,,100,100,100,100,100,100,100,100,100,100,100,100,100,100,100,100,100,100,100,100,100,100,100,100,100,100,100,100,100,100,,United States,USA,Access to electricity (% of population),EG.ELC.ACCS.ZS,,
,,,,,,,,,,,,,,,,,,,,,,,,,,,,,,,,,,,,99.6,99.37974548,99.44934845,99.51411438,99.57293701,99.62465668,99.7,99.70204163,99.72536469,99.7370224,99.4900961,99.73902893,99.74168396,99.75376892,99.7815094,99.83113861,99.90933228,99.96624756,99.99420166,100,100,100,100,100,,Uzbekistan,UZB,Access to electricity (% of population),EG.ELC.ACCS.ZS,,
,,,,,,,,,,,,,,,,,,,,,,,,,,,,,,,66.8,69.11443329,70.46484375,71.81389618,73.16090393,74.50520325,75.84609222,77.1829071,78.51487732,79.84091187,82.41,82.47047424,83.77164459,85.06217957,86.34104919,87.61078644,88.79,90.14733887,91.42662811,92.72158051,94.03842163,95.38168335,96.74906158,98.13652802,99.54006958,99.76855469,99.97125244,100,100,,St. Vincent and the Grenadines,VCT,Access to electricity (% of population),EG.ELC.ACCS.ZS,,
,,,,,,,,,,,,,,,,,,,,,,,,,,,,,,,,97.820203,98.23953247,98.32333374,99,98.48413086,98.7,98.4,98.9,98.9,99.9,99.8,95.7,99.1,98.93270111,99.3,98.93862152,98.9432373,98.95727539,99.09267426,98.84,99.20826721,99.23580933,100,100,99.4,99.2,99.90830231,100,,"Venezuela, RB",VEN,Access to electricity (% of population),EG.ELC.ACCS.ZS,,
,,,,,,,,,,,,,,,,,,,,,,,,,,,,,,94.60655975,94.82473755,95.0428009,95.26019287,95.47621918,95.69020081,95.901474,96.10933685,96.31312561,96.51207733,96.70508575,96.89098358,97.06859589,97.23674011,97.39424896,97.54009247,97.67680359,97.81046295,97.94730377,98.09357452,99.05440521,99.1738205,99.27532959,99.35554504,99.46909332,100,100,100,100,100,,British Virgin Islands,VGB,Access to electricity (% of population),EG.ELC.ACCS.ZS,,
,,,,,,,,,,,,,,,,,,,,,,,,,,,,,,100,100,100,100,100,100,100,100,100,100,100,100,100,100,100,100,100,100,100,100,100,100,100,100,100,100,100,100,100,100,,Virgin Islands (U.S.),VIR,Access to electricity (% of population),EG.ELC.ACCS.ZS,,
,,,,,,,,,,,,,,,,,,,,,,,,,,,,,,,,,,,,,78.4,86.17598724,86.99443817,87.80696106,88.61237335,89.1,90.19715118,90.9741745,96.1,96,93.24891663,94.00527954,96.1,97.43,99,97.89,98.53603363,99.2,99.80340576,99.2,100,100,99.4,,Vietnam,VNM,Access to electricity (% of population),EG.ELC.ACCS.ZS,,
,,,,,,,,,,,,,,,,,,,,,,,,,,,,,,,,,,18,12.94164371,14.79236126,16.63967896,18.48291779,19.1,22.15377617,23.97912407,25.79618454,27.60378265,29.40073776,31.18603134,26.44,33.62462006,36.51159668,33.29111519,44.1,41.92195511,43.77164078,31.7,49.07717133,52.2941246,57.82,62.8,61.77245331,64.66623688,,Vanuatu,VUT,Access to electricity (% of population),EG.ELC.ACCS.ZS,,
,,,,,,,,,,,,,,,,,,,,,,,,,,,,,,,,,,,,,,73.40648988,74.70847689,78.73603409,78.22162894,79.39750879,80.00867813,80.16043806,80.16137383,81.25103069,82.20464489,82.28426767,82.76500504,83.2999176,82.11498289,84.74581941,85.03106477,85.55284666,86.57933349,87.72951747,88.61689526,89.43294573,90.0970109,,World,WLD,Access to electricity (% of population),EG.ELC.ACCS.ZS,,
,,,,,,,,,,,,,,,,,,,,,,,,,,,,,,,78.8,81.64016724,82.42459106,80,83.98869324,84.76699829,85.54190826,86.31274414,87.07872772,87.83878326,88.59172058,89.33637238,90.07156372,90.79611206,91.50899506,96.37172973,92.91345215,98.1,97.9,96.37813568,96.6685747,96.82684326,97.3891449,97.9,99.04818726,99.89779663,96.8,99.9936142,99.2,,Samoa,WSM,Access to electricity (% of population),EG.ELC.ACCS.ZS,,
,,,,,,,,,,,,,,,,,,,,,,,,,,,,,,100,100,100,100,100,100,100,100,100,100,100,100,100,100,100,100,100,100,100,100,99,100,99.75,99.75,99.68,99.86,99.8,99.8,100,100,,Kosovo,XKX,Access to electricity (% of population),EG.ELC.ACCS.ZS,,
,,,,,,,,,,,,,,,,,,,,,,,,,,,,,,,,44.1,40.77471542,41.98513412,43.19351196,44.39916992,42.6,46.79961014,47.99294662,49.18035126,50.36064148,51.53264236,52.6951828,49.59,54.98731232,55.80033463,57.24646759,58.37770462,59.51836014,60.67467499,61.88527298,52.41,75.6,66.1,67.39666748,68.9187088,79.2,62,72.75170135,,"Yemen, Rep.",YEM,Access to electricity (% of population),EG.ELC.ACCS.ZS,,
,,,,,,,,,,,,,,,,,,,,,,,,,,,,,,,,,,,,57.6,69.48335266,64.9,71.33178711,72.24764252,70.2,76.7,78.8,80.9,80.8,80.7,82,81.9,82.6,82.9,83.6,85.3,85.2,86,85.3,84.2,84.4,84.7,85,,South Africa,ZAF,Access to electricity (% of population),EG.ELC.ACCS.ZS,,
,,,,,,,,,,,,,,,,,,,,,,,,,,,,,,13.9,12.75270271,19.2,14.21320724,14.94175911,15.66827202,17.3,17.11245918,19,18.54024506,16.7,19.94420624,17.4,18.5,20.3,22.64341354,23.29265022,18.5,24.58820534,25.24699783,22,26.61779022,27.34055328,28.08742714,27.9,31.1,35.17316437,40.3,39.82230377,43,,Zambia,ZMB,Access to electricity (% of population),EG.ELC.ACCS.ZS,,
,,,,,,,,,,,,,,,,,,,,,,,,,,,,,,,,28.2,31.16366768,28.1,31.94857979,32.33729553,32.72261047,33.1038475,38.4,33.85070419,34.21405029,34.2,34.91470718,35.24966049,35.57295227,37.2,36.1982193,36.51251221,43.36908187,40.45818329,36.9,44,38.3363533,32.3,33.7,39.67622757,40.14428329,40.61635971,41.08910751,,Zimbabwe,ZWE,Access to electricity (% of population),EG.ELC.ACCS.ZS,,
